model_label	model	integration	fold	sample_id	actual	predicted	score_lusc	prediction_distance	tuning_status
DIABLO multiblock sPLS-DA	block.splsda	DIABLO	1	TCGA-05-4396-01	LUAD	LUAD	-0.10217784274617958	centroids.dist	inner_cv_tuned_keepX
DIABLO multiblock sPLS-DA	block.splsda	DIABLO	1	TCGA-05-4405-01	LUAD	LUAD	0.05368777435578975	centroids.dist	inner_cv_tuned_keepX
DIABLO multiblock sPLS-DA	block.splsda	DIABLO	1	TCGA-05-5425-01	LUAD	LUAD	0.030887968149382994	centroids.dist	inner_cv_tuned_keepX
DIABLO multiblock sPLS-DA	block.splsda	DIABLO	1	TCGA-05-5715-01	LUAD	LUAD	-0.12596985457047416	centroids.dist	inner_cv_tuned_keepX
DIABLO multiblock sPLS-DA	block.splsda	DIABLO	1	TCGA-38-A44F-01	LUAD	LUAD	0.2583153991696499	centroids.dist	inner_cv_tuned_keepX
DIABLO multiblock sPLS-DA	block.splsda	DIABLO	1	TCGA-44-4112-01	LUAD	LUAD	-0.037896868712184284	centroids.dist	inner_cv_tuned_keepX
DIABLO multiblock sPLS-DA	block.splsda	DIABLO	1	TCGA-44-7659-01	LUAD	LUAD	0.06540393286051033	centroids.dist	inner_cv_tuned_keepX
DIABLO multiblock sPLS-DA	block.splsda	DIABLO	1	TCGA-44-7660-01	LUAD	LUSC	0.6495942029240891	centroids.dist	inner_cv_tuned_keepX
DIABLO multiblock sPLS-DA	block.splsda	DIABLO	1	TCGA-44-8119-01	LUAD	LUAD	0.3224941310453181	centroids.dist	inner_cv_tuned_keepX
DIABLO multiblock sPLS-DA	block.splsda	DIABLO	1	TCGA-49-6743-01	LUAD	LUAD	0.15762901538532403	centroids.dist	inner_cv_tuned_keepX
DIABLO multiblock sPLS-DA	block.splsda	DIABLO	1	TCGA-49-6761-01	LUAD	LUAD	0.08214968107105136	centroids.dist	inner_cv_tuned_keepX
DIABLO multiblock sPLS-DA	block.splsda	DIABLO	1	TCGA-49-AAQV-01	LUAD	LUAD	0.1877382277168393	centroids.dist	inner_cv_tuned_keepX
DIABLO multiblock sPLS-DA	block.splsda	DIABLO	1	TCGA-49-AAR4-01	LUAD	LUAD	0.23235352412176374	centroids.dist	inner_cv_tuned_keepX
DIABLO multiblock sPLS-DA	block.splsda	DIABLO	1	TCGA-49-AARN-01	LUAD	LUAD	0.1646838202462486	centroids.dist	inner_cv_tuned_keepX
DIABLO multiblock sPLS-DA	block.splsda	DIABLO	1	TCGA-49-AARR-01	LUAD	LUAD	0.3903645270682219	centroids.dist	inner_cv_tuned_keepX
DIABLO multiblock sPLS-DA	block.splsda	DIABLO	1	TCGA-50-5049-01	LUAD	LUAD	0.14810268984726233	centroids.dist	inner_cv_tuned_keepX
DIABLO multiblock sPLS-DA	block.splsda	DIABLO	1	TCGA-50-5931-01	LUAD	LUSC	0.7107246991839009	centroids.dist	inner_cv_tuned_keepX
DIABLO multiblock sPLS-DA	block.splsda	DIABLO	1	TCGA-50-5946-01	LUAD	LUAD	0.2968566303870417	centroids.dist	inner_cv_tuned_keepX
DIABLO multiblock sPLS-DA	block.splsda	DIABLO	1	TCGA-50-6590-01	LUAD	LUAD	0.28291861857090816	centroids.dist	inner_cv_tuned_keepX
DIABLO multiblock sPLS-DA	block.splsda	DIABLO	1	TCGA-50-6595-01	LUAD	LUAD	0.2598761273372605	centroids.dist	inner_cv_tuned_keepX
DIABLO multiblock sPLS-DA	block.splsda	DIABLO	1	TCGA-50-6673-01	LUAD	LUAD	0.05938401030367674	centroids.dist	inner_cv_tuned_keepX
DIABLO multiblock sPLS-DA	block.splsda	DIABLO	1	TCGA-50-8457-01	LUAD	LUAD	0.12389928662476929	centroids.dist	inner_cv_tuned_keepX
DIABLO multiblock sPLS-DA	block.splsda	DIABLO	1	TCGA-50-8460-01	LUAD	LUAD	0.09194267206814105	centroids.dist	inner_cv_tuned_keepX
DIABLO multiblock sPLS-DA	block.splsda	DIABLO	1	TCGA-55-6712-01	LUAD	LUAD	0.0946754492825691	centroids.dist	inner_cv_tuned_keepX
DIABLO multiblock sPLS-DA	block.splsda	DIABLO	1	TCGA-55-7910-01	LUAD	LUAD	-0.041245663966206214	centroids.dist	inner_cv_tuned_keepX
DIABLO multiblock sPLS-DA	block.splsda	DIABLO	1	TCGA-55-8507-01	LUAD	LUAD	-0.013149721692542138	centroids.dist	inner_cv_tuned_keepX
DIABLO multiblock sPLS-DA	block.splsda	DIABLO	1	TCGA-62-A46P-01	LUAD	LUAD	-0.059347835358568135	centroids.dist	inner_cv_tuned_keepX
DIABLO multiblock sPLS-DA	block.splsda	DIABLO	1	TCGA-62-A46R-01	LUAD	LUAD	0.10418740260249731	centroids.dist	inner_cv_tuned_keepX
DIABLO multiblock sPLS-DA	block.splsda	DIABLO	1	TCGA-62-A46V-01	LUAD	LUAD	0.11789949967565228	centroids.dist	inner_cv_tuned_keepX
DIABLO multiblock sPLS-DA	block.splsda	DIABLO	1	TCGA-64-1679-01	LUAD	LUAD	0.09210310566798513	centroids.dist	inner_cv_tuned_keepX
DIABLO multiblock sPLS-DA	block.splsda	DIABLO	1	TCGA-64-5774-01	LUAD	LUAD	0.12231598623359163	centroids.dist	inner_cv_tuned_keepX
DIABLO multiblock sPLS-DA	block.splsda	DIABLO	1	TCGA-64-5815-01	LUAD	LUAD	0.1174829139905198	centroids.dist	inner_cv_tuned_keepX
DIABLO multiblock sPLS-DA	block.splsda	DIABLO	1	TCGA-67-6216-01	LUAD	LUAD	0.08276321776950418	centroids.dist	inner_cv_tuned_keepX
DIABLO multiblock sPLS-DA	block.splsda	DIABLO	1	TCGA-67-6217-01	LUAD	LUAD	0.02476951070280603	centroids.dist	inner_cv_tuned_keepX
DIABLO multiblock sPLS-DA	block.splsda	DIABLO	1	TCGA-69-8255-01	LUAD	LUAD	0.24184378261417644	centroids.dist	inner_cv_tuned_keepX
DIABLO multiblock sPLS-DA	block.splsda	DIABLO	1	TCGA-71-8520-01	LUAD	LUAD	-0.04509385256017373	centroids.dist	inner_cv_tuned_keepX
DIABLO multiblock sPLS-DA	block.splsda	DIABLO	1	TCGA-75-6203-01	LUAD	LUAD	0.13832486805246685	centroids.dist	inner_cv_tuned_keepX
DIABLO multiblock sPLS-DA	block.splsda	DIABLO	1	TCGA-75-6206-01	LUAD	LUAD	-0.16701178383831783	centroids.dist	inner_cv_tuned_keepX
DIABLO multiblock sPLS-DA	block.splsda	DIABLO	1	TCGA-75-6207-01	LUAD	LUAD	0.0852745889376767	centroids.dist	inner_cv_tuned_keepX
DIABLO multiblock sPLS-DA	block.splsda	DIABLO	1	TCGA-78-7154-01	LUAD	LUAD	0.11358840813472898	centroids.dist	inner_cv_tuned_keepX
DIABLO multiblock sPLS-DA	block.splsda	DIABLO	1	TCGA-78-7156-01	LUAD	LUAD	-0.1553059636486379	centroids.dist	inner_cv_tuned_keepX
DIABLO multiblock sPLS-DA	block.splsda	DIABLO	1	TCGA-78-7158-01	LUAD	LUAD	-0.10090970977191616	centroids.dist	inner_cv_tuned_keepX
DIABLO multiblock sPLS-DA	block.splsda	DIABLO	1	TCGA-78-7163-01	LUAD	LUAD	0.03861187635308577	centroids.dist	inner_cv_tuned_keepX
DIABLO multiblock sPLS-DA	block.splsda	DIABLO	1	TCGA-78-7539-01	LUAD	LUAD	-0.08947043197837057	centroids.dist	inner_cv_tuned_keepX
DIABLO multiblock sPLS-DA	block.splsda	DIABLO	1	TCGA-83-5908-01	LUAD	LUAD	0.15863232954803547	centroids.dist	inner_cv_tuned_keepX
DIABLO multiblock sPLS-DA	block.splsda	DIABLO	1	TCGA-86-6562-01	LUAD	LUAD	0.0025382426685361392	centroids.dist	inner_cv_tuned_keepX
DIABLO multiblock sPLS-DA	block.splsda	DIABLO	1	TCGA-86-7701-01	LUAD	LUAD	0.07880424282341408	centroids.dist	inner_cv_tuned_keepX
DIABLO multiblock sPLS-DA	block.splsda	DIABLO	1	TCGA-86-8074-01	LUAD	LUAD	0.01163523054960297	centroids.dist	inner_cv_tuned_keepX
DIABLO multiblock sPLS-DA	block.splsda	DIABLO	1	TCGA-86-8279-01	LUAD	LUAD	0.011183616903068072	centroids.dist	inner_cv_tuned_keepX
DIABLO multiblock sPLS-DA	block.splsda	DIABLO	1	TCGA-86-8359-01	LUAD	LUAD	-0.06972053839930015	centroids.dist	inner_cv_tuned_keepX
DIABLO multiblock sPLS-DA	block.splsda	DIABLO	1	TCGA-86-8673-01	LUAD	LUAD	0.10030644595487226	centroids.dist	inner_cv_tuned_keepX
DIABLO multiblock sPLS-DA	block.splsda	DIABLO	1	TCGA-86-A4D0-01	LUAD	LUAD	-0.13743984923604358	centroids.dist	inner_cv_tuned_keepX
DIABLO multiblock sPLS-DA	block.splsda	DIABLO	1	TCGA-91-6828-01	LUAD	LUAD	-0.020119293886891376	centroids.dist	inner_cv_tuned_keepX
DIABLO multiblock sPLS-DA	block.splsda	DIABLO	1	TCGA-91-6840-01	LUAD	LUAD	0.18536400474931714	centroids.dist	inner_cv_tuned_keepX
DIABLO multiblock sPLS-DA	block.splsda	DIABLO	1	TCGA-95-7043-01	LUAD	LUAD	-0.10034143656720462	centroids.dist	inner_cv_tuned_keepX
DIABLO multiblock sPLS-DA	block.splsda	DIABLO	1	TCGA-97-A4M2-01	LUAD	LUAD	0.1512795910979598	centroids.dist	inner_cv_tuned_keepX
DIABLO multiblock sPLS-DA	block.splsda	DIABLO	1	TCGA-97-A4M6-01	LUAD	LUAD	0.11141915802693936	centroids.dist	inner_cv_tuned_keepX
DIABLO multiblock sPLS-DA	block.splsda	DIABLO	1	TCGA-97-A4M7-01	LUAD	LUAD	0.0926363113224341	centroids.dist	inner_cv_tuned_keepX
DIABLO multiblock sPLS-DA	block.splsda	DIABLO	1	TCGA-L9-A5IP-01	LUAD	LUAD	0.20632040651615233	centroids.dist	inner_cv_tuned_keepX
DIABLO multiblock sPLS-DA	block.splsda	DIABLO	1	TCGA-L9-A8F4-01	LUAD	LUAD	0.1567890819949948	centroids.dist	inner_cv_tuned_keepX
DIABLO multiblock sPLS-DA	block.splsda	DIABLO	1	TCGA-MP-A4TC-01	LUAD	LUAD	0.13019612978362427	centroids.dist	inner_cv_tuned_keepX
DIABLO multiblock sPLS-DA	block.splsda	DIABLO	1	TCGA-MP-A4TH-01	LUAD	LUAD	0.10490714771233789	centroids.dist	inner_cv_tuned_keepX
DIABLO multiblock sPLS-DA	block.splsda	DIABLO	1	TCGA-NJ-A4YG-01	LUAD	LUAD	0.11113551857862097	centroids.dist	inner_cv_tuned_keepX
DIABLO multiblock sPLS-DA	block.splsda	DIABLO	1	TCGA-NJ-A55O-01	LUAD	LUAD	0.15800273180216357	centroids.dist	inner_cv_tuned_keepX
DIABLO multiblock sPLS-DA	block.splsda	DIABLO	1	TCGA-22-4605-01	LUSC	LUSC	0.7321222883749381	centroids.dist	inner_cv_tuned_keepX
DIABLO multiblock sPLS-DA	block.splsda	DIABLO	1	TCGA-22-5471-01	LUSC	LUSC	1.1089497105730253	centroids.dist	inner_cv_tuned_keepX
DIABLO multiblock sPLS-DA	block.splsda	DIABLO	1	TCGA-33-A5GW-01	LUSC	LUSC	1.2079519880453047	centroids.dist	inner_cv_tuned_keepX
DIABLO multiblock sPLS-DA	block.splsda	DIABLO	1	TCGA-33-AASI-01	LUSC	LUAD	0.8086903445904348	centroids.dist	inner_cv_tuned_keepX
DIABLO multiblock sPLS-DA	block.splsda	DIABLO	1	TCGA-33-AASJ-01	LUSC	LUSC	1.1746830024960015	centroids.dist	inner_cv_tuned_keepX
DIABLO multiblock sPLS-DA	block.splsda	DIABLO	1	TCGA-34-5241-01	LUSC	LUSC	0.8116498580632987	centroids.dist	inner_cv_tuned_keepX
DIABLO multiblock sPLS-DA	block.splsda	DIABLO	1	TCGA-34-8454-01	LUSC	LUSC	0.8426951306082842	centroids.dist	inner_cv_tuned_keepX
DIABLO multiblock sPLS-DA	block.splsda	DIABLO	1	TCGA-39-5029-01	LUSC	LUSC	0.9000934597835261	centroids.dist	inner_cv_tuned_keepX
DIABLO multiblock sPLS-DA	block.splsda	DIABLO	1	TCGA-39-5034-01	LUSC	LUAD	-0.006051509422659085	centroids.dist	inner_cv_tuned_keepX
DIABLO multiblock sPLS-DA	block.splsda	DIABLO	1	TCGA-39-5040-01	LUSC	LUAD	0.18467769695462588	centroids.dist	inner_cv_tuned_keepX
DIABLO multiblock sPLS-DA	block.splsda	DIABLO	1	TCGA-43-6771-01	LUSC	LUSC	0.616632954071813	centroids.dist	inner_cv_tuned_keepX
DIABLO multiblock sPLS-DA	block.splsda	DIABLO	1	TCGA-52-7810-01	LUSC	LUSC	1.0126813261332592	centroids.dist	inner_cv_tuned_keepX
DIABLO multiblock sPLS-DA	block.splsda	DIABLO	1	TCGA-52-7812-01	LUSC	LUAD	0.10774199833415499	centroids.dist	inner_cv_tuned_keepX
DIABLO multiblock sPLS-DA	block.splsda	DIABLO	1	TCGA-56-5898-01	LUSC	LUSC	0.9151756055889309	centroids.dist	inner_cv_tuned_keepX
DIABLO multiblock sPLS-DA	block.splsda	DIABLO	1	TCGA-56-7730-01	LUSC	LUSC	1.206574077992043	centroids.dist	inner_cv_tuned_keepX
DIABLO multiblock sPLS-DA	block.splsda	DIABLO	1	TCGA-56-8083-01	LUSC	LUSC	0.9649141355457121	centroids.dist	inner_cv_tuned_keepX
DIABLO multiblock sPLS-DA	block.splsda	DIABLO	1	TCGA-58-8392-01	LUSC	LUSC	1.0844843515812945	centroids.dist	inner_cv_tuned_keepX
DIABLO multiblock sPLS-DA	block.splsda	DIABLO	1	TCGA-58-8393-01	LUSC	LUSC	0.8597282918437332	centroids.dist	inner_cv_tuned_keepX
DIABLO multiblock sPLS-DA	block.splsda	DIABLO	1	TCGA-58-A46K-01	LUSC	LUSC	1.0135549690721988	centroids.dist	inner_cv_tuned_keepX
DIABLO multiblock sPLS-DA	block.splsda	DIABLO	1	TCGA-60-2697-01	LUSC	LUAD	0.26323711166343905	centroids.dist	inner_cv_tuned_keepX
DIABLO multiblock sPLS-DA	block.splsda	DIABLO	1	TCGA-63-6202-01	LUSC	LUAD	0.048674557139708585	centroids.dist	inner_cv_tuned_keepX
DIABLO multiblock sPLS-DA	block.splsda	DIABLO	1	TCGA-63-7023-01	LUSC	LUSC	1.0339078462651754	centroids.dist	inner_cv_tuned_keepX
DIABLO multiblock sPLS-DA	block.splsda	DIABLO	1	TCGA-63-A5MG-01	LUSC	LUSC	0.6358915543783503	centroids.dist	inner_cv_tuned_keepX
DIABLO multiblock sPLS-DA	block.splsda	DIABLO	1	TCGA-63-A5MJ-01	LUSC	LUSC	1.0130247375201997	centroids.dist	inner_cv_tuned_keepX
DIABLO multiblock sPLS-DA	block.splsda	DIABLO	1	TCGA-63-A5MS-01	LUSC	LUSC	0.729888345235042	centroids.dist	inner_cv_tuned_keepX
DIABLO multiblock sPLS-DA	block.splsda	DIABLO	1	TCGA-68-A59I-01	LUSC	LUSC	0.7549906822268224	centroids.dist	inner_cv_tuned_keepX
DIABLO multiblock sPLS-DA	block.splsda	DIABLO	1	TCGA-77-7337-01	LUSC	LUSC	0.9364601910158934	centroids.dist	inner_cv_tuned_keepX
DIABLO multiblock sPLS-DA	block.splsda	DIABLO	1	TCGA-77-7338-01	LUSC	LUSC	0.927000040200116	centroids.dist	inner_cv_tuned_keepX
DIABLO multiblock sPLS-DA	block.splsda	DIABLO	1	TCGA-77-7465-01	LUSC	LUSC	1.081194525109944	centroids.dist	inner_cv_tuned_keepX
DIABLO multiblock sPLS-DA	block.splsda	DIABLO	1	TCGA-77-8143-01	LUSC	LUAD	0.9054361674774092	centroids.dist	inner_cv_tuned_keepX
DIABLO multiblock sPLS-DA	block.splsda	DIABLO	1	TCGA-77-A5GH-01	LUSC	LUSC	0.6594692599321198	centroids.dist	inner_cv_tuned_keepX
DIABLO multiblock sPLS-DA	block.splsda	DIABLO	1	TCGA-85-6561-01	LUSC	LUSC	0.9366873616207788	centroids.dist	inner_cv_tuned_keepX
DIABLO multiblock sPLS-DA	block.splsda	DIABLO	1	TCGA-85-7696-01	LUSC	LUSC	1.2365258309933937	centroids.dist	inner_cv_tuned_keepX
DIABLO multiblock sPLS-DA	block.splsda	DIABLO	1	TCGA-85-7697-01	LUSC	LUSC	0.8432727175252124	centroids.dist	inner_cv_tuned_keepX
DIABLO multiblock sPLS-DA	block.splsda	DIABLO	1	TCGA-85-7844-01	LUSC	LUSC	0.9243282362452282	centroids.dist	inner_cv_tuned_keepX
DIABLO multiblock sPLS-DA	block.splsda	DIABLO	1	TCGA-85-7950-01	LUSC	LUSC	0.9836561506376983	centroids.dist	inner_cv_tuned_keepX
DIABLO multiblock sPLS-DA	block.splsda	DIABLO	1	TCGA-85-A4JC-01	LUSC	LUSC	0.6929995259411166	centroids.dist	inner_cv_tuned_keepX
DIABLO multiblock sPLS-DA	block.splsda	DIABLO	1	TCGA-85-A510-01	LUSC	LUAD	0.08162209098175466	centroids.dist	inner_cv_tuned_keepX
DIABLO multiblock sPLS-DA	block.splsda	DIABLO	1	TCGA-85-A513-01	LUSC	LUAD	0.0932754242508988	centroids.dist	inner_cv_tuned_keepX
DIABLO multiblock sPLS-DA	block.splsda	DIABLO	1	TCGA-85-A53L-01	LUSC	LUSC	0.7747878702334733	centroids.dist	inner_cv_tuned_keepX
DIABLO multiblock sPLS-DA	block.splsda	DIABLO	1	TCGA-90-A4ED-01	LUSC	LUSC	0.8347474114390139	centroids.dist	inner_cv_tuned_keepX
DIABLO multiblock sPLS-DA	block.splsda	DIABLO	1	TCGA-94-8035-01	LUSC	LUSC	0.8566110092020747	centroids.dist	inner_cv_tuned_keepX
DIABLO multiblock sPLS-DA	block.splsda	DIABLO	1	TCGA-94-8491-01	LUSC	LUSC	0.8526444156954636	centroids.dist	inner_cv_tuned_keepX
DIABLO multiblock sPLS-DA	block.splsda	DIABLO	1	TCGA-94-A4VJ-01	LUSC	LUSC	1.0316245545742673	centroids.dist	inner_cv_tuned_keepX
DIABLO multiblock sPLS-DA	block.splsda	DIABLO	1	TCGA-94-A5I6-01	LUSC	LUSC	0.9386056884363355	centroids.dist	inner_cv_tuned_keepX
DIABLO multiblock sPLS-DA	block.splsda	DIABLO	1	TCGA-98-A539-01	LUSC	LUSC	0.9072468183501972	centroids.dist	inner_cv_tuned_keepX
DIABLO multiblock sPLS-DA	block.splsda	DIABLO	1	TCGA-98-A53H-01	LUSC	LUAD	0.48437814422088793	centroids.dist	inner_cv_tuned_keepX
DIABLO multiblock sPLS-DA	block.splsda	DIABLO	1	TCGA-98-A53J-01	LUSC	LUSC	1.0216178002008414	centroids.dist	inner_cv_tuned_keepX
DIABLO multiblock sPLS-DA	block.splsda	DIABLO	1	TCGA-L3-A4E7-01	LUSC	LUSC	0.8205783453064462	centroids.dist	inner_cv_tuned_keepX
DIABLO multiblock sPLS-DA	block.splsda	DIABLO	1	TCGA-LA-A7SW-01	LUSC	LUSC	0.9080792412027192	centroids.dist	inner_cv_tuned_keepX
DIABLO multiblock sPLS-DA	block.splsda	DIABLO	1	TCGA-O2-A52V-01	LUSC	LUSC	0.8214642224976308	centroids.dist	inner_cv_tuned_keepX
DIABLO multiblock sPLS-DA	block.splsda	DIABLO	2	TCGA-05-4427-01	LUAD	LUAD	-0.031665693749086454	centroids.dist	inner_cv_tuned_keepX
DIABLO multiblock sPLS-DA	block.splsda	DIABLO	2	TCGA-35-5375-01	LUAD	LUAD	0.5642236956048214	centroids.dist	inner_cv_tuned_keepX
DIABLO multiblock sPLS-DA	block.splsda	DIABLO	2	TCGA-44-2656-01	LUAD	LUAD	0.12153802550971926	centroids.dist	inner_cv_tuned_keepX
DIABLO multiblock sPLS-DA	block.splsda	DIABLO	2	TCGA-44-5644-01	LUAD	LUAD	-0.12022982625068679	centroids.dist	inner_cv_tuned_keepX
DIABLO multiblock sPLS-DA	block.splsda	DIABLO	2	TCGA-44-6775-01	LUAD	LUAD	0.12236635711433264	centroids.dist	inner_cv_tuned_keepX
DIABLO multiblock sPLS-DA	block.splsda	DIABLO	2	TCGA-44-6776-01	LUAD	LUAD	-0.13532059875226632	centroids.dist	inner_cv_tuned_keepX
DIABLO multiblock sPLS-DA	block.splsda	DIABLO	2	TCGA-44-7667-01	LUAD	LUAD	0.07390790837383865	centroids.dist	inner_cv_tuned_keepX
DIABLO multiblock sPLS-DA	block.splsda	DIABLO	2	TCGA-44-7671-01	LUAD	LUAD	-0.09733362637441412	centroids.dist	inner_cv_tuned_keepX
DIABLO multiblock sPLS-DA	block.splsda	DIABLO	2	TCGA-44-A4SU-01	LUAD	LUAD	0.021159920786546826	centroids.dist	inner_cv_tuned_keepX
DIABLO multiblock sPLS-DA	block.splsda	DIABLO	2	TCGA-49-4512-01	LUAD	LUAD	0.10709942023624064	centroids.dist	inner_cv_tuned_keepX
DIABLO multiblock sPLS-DA	block.splsda	DIABLO	2	TCGA-49-AARE-01	LUAD	LUAD	0.16681097121764799	centroids.dist	inner_cv_tuned_keepX
DIABLO multiblock sPLS-DA	block.splsda	DIABLO	2	TCGA-4B-A93V-01	LUAD	LUAD	-0.008637784519883396	centroids.dist	inner_cv_tuned_keepX
DIABLO multiblock sPLS-DA	block.splsda	DIABLO	2	TCGA-50-5044-01	LUAD	LUAD	0.2811955296330683	centroids.dist	inner_cv_tuned_keepX
DIABLO multiblock sPLS-DA	block.splsda	DIABLO	2	TCGA-50-5930-01	LUAD	LUAD	0.12215821044852382	centroids.dist	inner_cv_tuned_keepX
DIABLO multiblock sPLS-DA	block.splsda	DIABLO	2	TCGA-50-5933-01	LUAD	LUAD	0.15004799500448002	centroids.dist	inner_cv_tuned_keepX
DIABLO multiblock sPLS-DA	block.splsda	DIABLO	2	TCGA-50-6597-01	LUAD	LUAD	0.011123347364451752	centroids.dist	inner_cv_tuned_keepX
DIABLO multiblock sPLS-DA	block.splsda	DIABLO	2	TCGA-50-8459-01	LUAD	LUAD	0.3003418501829167	centroids.dist	inner_cv_tuned_keepX
DIABLO multiblock sPLS-DA	block.splsda	DIABLO	2	TCGA-55-6970-01	LUAD	LUAD	0.08342411506652969	centroids.dist	inner_cv_tuned_keepX
DIABLO multiblock sPLS-DA	block.splsda	DIABLO	2	TCGA-55-6971-01	LUAD	LUAD	0.13232674527243726	centroids.dist	inner_cv_tuned_keepX
DIABLO multiblock sPLS-DA	block.splsda	DIABLO	2	TCGA-55-6979-01	LUAD	LUAD	0.1312012153981857	centroids.dist	inner_cv_tuned_keepX
DIABLO multiblock sPLS-DA	block.splsda	DIABLO	2	TCGA-55-6981-01	LUAD	LUAD	0.11170170049375766	centroids.dist	inner_cv_tuned_keepX
DIABLO multiblock sPLS-DA	block.splsda	DIABLO	2	TCGA-55-7573-01	LUAD	LUAD	0.16099178096031386	centroids.dist	inner_cv_tuned_keepX
DIABLO multiblock sPLS-DA	block.splsda	DIABLO	2	TCGA-62-8395-01	LUAD	LUAD	0.007244790822724556	centroids.dist	inner_cv_tuned_keepX
DIABLO multiblock sPLS-DA	block.splsda	DIABLO	2	TCGA-75-7030-01	LUAD	LUAD	0.27449487158067465	centroids.dist	inner_cv_tuned_keepX
DIABLO multiblock sPLS-DA	block.splsda	DIABLO	2	TCGA-75-7031-01	LUAD	LUAD	0.0780862074036312	centroids.dist	inner_cv_tuned_keepX
DIABLO multiblock sPLS-DA	block.splsda	DIABLO	2	TCGA-78-7150-01	LUAD	LUAD	0.1444863002403664	centroids.dist	inner_cv_tuned_keepX
DIABLO multiblock sPLS-DA	block.splsda	DIABLO	2	TCGA-78-7153-01	LUAD	LUAD	-0.009654789881462511	centroids.dist	inner_cv_tuned_keepX
DIABLO multiblock sPLS-DA	block.splsda	DIABLO	2	TCGA-78-7161-01	LUAD	LUAD	-0.1937431208805649	centroids.dist	inner_cv_tuned_keepX
DIABLO multiblock sPLS-DA	block.splsda	DIABLO	2	TCGA-78-7167-01	LUAD	LUAD	-0.18642201928670732	centroids.dist	inner_cv_tuned_keepX
DIABLO multiblock sPLS-DA	block.splsda	DIABLO	2	TCGA-78-7537-01	LUAD	LUAD	-0.04816223957564869	centroids.dist	inner_cv_tuned_keepX
DIABLO multiblock sPLS-DA	block.splsda	DIABLO	2	TCGA-80-5608-01	LUAD	LUAD	0.003887097223458591	centroids.dist	inner_cv_tuned_keepX
DIABLO multiblock sPLS-DA	block.splsda	DIABLO	2	TCGA-86-7953-01	LUAD	LUAD	0.14480155304158254	centroids.dist	inner_cv_tuned_keepX
DIABLO multiblock sPLS-DA	block.splsda	DIABLO	2	TCGA-86-7955-01	LUAD	LUAD	0.07598881755822817	centroids.dist	inner_cv_tuned_keepX
DIABLO multiblock sPLS-DA	block.splsda	DIABLO	2	TCGA-86-8054-01	LUAD	LUAD	-0.06645384499321638	centroids.dist	inner_cv_tuned_keepX
DIABLO multiblock sPLS-DA	block.splsda	DIABLO	2	TCGA-86-8055-01	LUAD	LUAD	0.10808466155332375	centroids.dist	inner_cv_tuned_keepX
DIABLO multiblock sPLS-DA	block.splsda	DIABLO	2	TCGA-86-8076-01	LUAD	LUAD	0.2401592352305973	centroids.dist	inner_cv_tuned_keepX
DIABLO multiblock sPLS-DA	block.splsda	DIABLO	2	TCGA-86-8280-01	LUAD	LUAD	0.08764576907059135	centroids.dist	inner_cv_tuned_keepX
DIABLO multiblock sPLS-DA	block.splsda	DIABLO	2	TCGA-86-8358-01	LUAD	LUAD	0.032516467173442254	centroids.dist	inner_cv_tuned_keepX
DIABLO multiblock sPLS-DA	block.splsda	DIABLO	2	TCGA-86-A4JF-01	LUAD	LUAD	0.045919314261134214	centroids.dist	inner_cv_tuned_keepX
DIABLO multiblock sPLS-DA	block.splsda	DIABLO	2	TCGA-86-A4P8-01	LUAD	LUAD	0.21577927785778991	centroids.dist	inner_cv_tuned_keepX
DIABLO multiblock sPLS-DA	block.splsda	DIABLO	2	TCGA-91-6847-01	LUAD	LUAD	0.5637094751405084	centroids.dist	inner_cv_tuned_keepX
DIABLO multiblock sPLS-DA	block.splsda	DIABLO	2	TCGA-91-7771-01	LUAD	LUAD	0.05153232867037377	centroids.dist	inner_cv_tuned_keepX
DIABLO multiblock sPLS-DA	block.splsda	DIABLO	2	TCGA-95-A4VK-01	LUAD	LUAD	0.0033794596434127966	centroids.dist	inner_cv_tuned_keepX
DIABLO multiblock sPLS-DA	block.splsda	DIABLO	2	TCGA-97-7546-01	LUAD	LUAD	0.0695928048709436	centroids.dist	inner_cv_tuned_keepX
DIABLO multiblock sPLS-DA	block.splsda	DIABLO	2	TCGA-97-7553-01	LUAD	LUAD	0.13731190468081034	centroids.dist	inner_cv_tuned_keepX
DIABLO multiblock sPLS-DA	block.splsda	DIABLO	2	TCGA-97-7937-01	LUAD	LUAD	-0.063727034589393	centroids.dist	inner_cv_tuned_keepX
DIABLO multiblock sPLS-DA	block.splsda	DIABLO	2	TCGA-97-7941-01	LUAD	LUAD	0.15080270232411846	centroids.dist	inner_cv_tuned_keepX
DIABLO multiblock sPLS-DA	block.splsda	DIABLO	2	TCGA-97-A4M0-01	LUAD	LUAD	0.006214313042521624	centroids.dist	inner_cv_tuned_keepX
DIABLO multiblock sPLS-DA	block.splsda	DIABLO	2	TCGA-97-A4M5-01	LUAD	LUAD	0.24336874171248982	centroids.dist	inner_cv_tuned_keepX
DIABLO multiblock sPLS-DA	block.splsda	DIABLO	2	TCGA-99-7458-01	LUAD	LUAD	0.13059296422372396	centroids.dist	inner_cv_tuned_keepX
DIABLO multiblock sPLS-DA	block.splsda	DIABLO	2	TCGA-J2-8194-01	LUAD	LUAD	-0.08670292793536749	centroids.dist	inner_cv_tuned_keepX
DIABLO multiblock sPLS-DA	block.splsda	DIABLO	2	TCGA-L4-A4E5-01	LUAD	LUAD	-0.025893974911190387	centroids.dist	inner_cv_tuned_keepX
DIABLO multiblock sPLS-DA	block.splsda	DIABLO	2	TCGA-L4-A4E6-01	LUAD	LUAD	0.20573968139892043	centroids.dist	inner_cv_tuned_keepX
DIABLO multiblock sPLS-DA	block.splsda	DIABLO	2	TCGA-L9-A443-01	LUAD	LUAD	-0.0010821219387632253	centroids.dist	inner_cv_tuned_keepX
DIABLO multiblock sPLS-DA	block.splsda	DIABLO	2	TCGA-L9-A444-01	LUAD	LUAD	0.0840861701826417	centroids.dist	inner_cv_tuned_keepX
DIABLO multiblock sPLS-DA	block.splsda	DIABLO	2	TCGA-L9-A50W-01	LUAD	LUAD	-0.04589672252639959	centroids.dist	inner_cv_tuned_keepX
DIABLO multiblock sPLS-DA	block.splsda	DIABLO	2	TCGA-MN-A4N4-01	LUAD	LUAD	0.17043544128650612	centroids.dist	inner_cv_tuned_keepX
DIABLO multiblock sPLS-DA	block.splsda	DIABLO	2	TCGA-MP-A4SV-01	LUAD	LUAD	0.0659041914066929	centroids.dist	inner_cv_tuned_keepX
DIABLO multiblock sPLS-DA	block.splsda	DIABLO	2	TCGA-MP-A4T8-01	LUAD	LUAD	0.0033333982162151443	centroids.dist	inner_cv_tuned_keepX
DIABLO multiblock sPLS-DA	block.splsda	DIABLO	2	TCGA-MP-A4TA-01	LUAD	LUAD	0.2884284353627739	centroids.dist	inner_cv_tuned_keepX
DIABLO multiblock sPLS-DA	block.splsda	DIABLO	2	TCGA-NJ-A55R-01	LUAD	LUAD	0.15146649787894373	centroids.dist	inner_cv_tuned_keepX
DIABLO multiblock sPLS-DA	block.splsda	DIABLO	2	TCGA-NJ-A7XG-01	LUAD	LUAD	-0.058582778266985436	centroids.dist	inner_cv_tuned_keepX
DIABLO multiblock sPLS-DA	block.splsda	DIABLO	2	TCGA-S2-AA1A-01	LUAD	LUAD	0.18551234457680882	centroids.dist	inner_cv_tuned_keepX
DIABLO multiblock sPLS-DA	block.splsda	DIABLO	2	TCGA-21-5784-01	LUSC	LUSC	0.6688943678257735	centroids.dist	inner_cv_tuned_keepX
DIABLO multiblock sPLS-DA	block.splsda	DIABLO	2	TCGA-22-4609-01	LUSC	LUSC	0.8284879593815376	centroids.dist	inner_cv_tuned_keepX
DIABLO multiblock sPLS-DA	block.splsda	DIABLO	2	TCGA-22-5472-01	LUSC	LUSC	0.8931173888580876	centroids.dist	inner_cv_tuned_keepX
DIABLO multiblock sPLS-DA	block.splsda	DIABLO	2	TCGA-22-5473-01	LUSC	LUSC	1.1145623615549842	centroids.dist	inner_cv_tuned_keepX
DIABLO multiblock sPLS-DA	block.splsda	DIABLO	2	TCGA-22-5479-01	LUSC	LUSC	1.067259530898522	centroids.dist	inner_cv_tuned_keepX
DIABLO multiblock sPLS-DA	block.splsda	DIABLO	2	TCGA-22-5485-01	LUSC	LUSC	1.071221875566407	centroids.dist	inner_cv_tuned_keepX
DIABLO multiblock sPLS-DA	block.splsda	DIABLO	2	TCGA-22-5492-01	LUSC	LUSC	0.9433495601656204	centroids.dist	inner_cv_tuned_keepX
DIABLO multiblock sPLS-DA	block.splsda	DIABLO	2	TCGA-33-4582-01	LUSC	LUSC	1.0017134857680645	centroids.dist	inner_cv_tuned_keepX
DIABLO multiblock sPLS-DA	block.splsda	DIABLO	2	TCGA-33-4589-01	LUSC	LUSC	0.8810411654387617	centroids.dist	inner_cv_tuned_keepX
DIABLO multiblock sPLS-DA	block.splsda	DIABLO	2	TCGA-34-5232-01	LUSC	LUSC	0.8645776434706237	centroids.dist	inner_cv_tuned_keepX
DIABLO multiblock sPLS-DA	block.splsda	DIABLO	2	TCGA-34-5927-01	LUSC	LUSC	0.8827268187418584	centroids.dist	inner_cv_tuned_keepX
DIABLO multiblock sPLS-DA	block.splsda	DIABLO	2	TCGA-34-8456-01	LUSC	LUSC	1.089244626137341	centroids.dist	inner_cv_tuned_keepX
DIABLO multiblock sPLS-DA	block.splsda	DIABLO	2	TCGA-34-A5IX-01	LUSC	LUSC	0.839273074821188	centroids.dist	inner_cv_tuned_keepX
DIABLO multiblock sPLS-DA	block.splsda	DIABLO	2	TCGA-37-A5EL-01	LUSC	LUSC	1.1634128583139516	centroids.dist	inner_cv_tuned_keepX
DIABLO multiblock sPLS-DA	block.splsda	DIABLO	2	TCGA-39-5011-01	LUSC	LUAD	0.1482037579931817	centroids.dist	inner_cv_tuned_keepX
DIABLO multiblock sPLS-DA	block.splsda	DIABLO	2	TCGA-39-5022-01	LUSC	LUSC	0.697338345787018	centroids.dist	inner_cv_tuned_keepX
DIABLO multiblock sPLS-DA	block.splsda	DIABLO	2	TCGA-39-5024-01	LUSC	LUSC	0.7725738315249742	centroids.dist	inner_cv_tuned_keepX
DIABLO multiblock sPLS-DA	block.splsda	DIABLO	2	TCGA-39-5030-01	LUSC	LUSC	0.768078297439841	centroids.dist	inner_cv_tuned_keepX
DIABLO multiblock sPLS-DA	block.splsda	DIABLO	2	TCGA-43-5670-01	LUSC	LUSC	0.745065084276289	centroids.dist	inner_cv_tuned_keepX
DIABLO multiblock sPLS-DA	block.splsda	DIABLO	2	TCGA-43-6770-01	LUSC	LUSC	1.056093109037369	centroids.dist	inner_cv_tuned_keepX
DIABLO multiblock sPLS-DA	block.splsda	DIABLO	2	TCGA-43-7656-01	LUSC	LUSC	0.8843281290160073	centroids.dist	inner_cv_tuned_keepX
DIABLO multiblock sPLS-DA	block.splsda	DIABLO	2	TCGA-43-A56V-01	LUSC	LUSC	0.919523100314405	centroids.dist	inner_cv_tuned_keepX
DIABLO multiblock sPLS-DA	block.splsda	DIABLO	2	TCGA-46-6026-01	LUSC	LUSC	0.9249853626150857	centroids.dist	inner_cv_tuned_keepX
DIABLO multiblock sPLS-DA	block.splsda	DIABLO	2	TCGA-56-7221-01	LUSC	LUSC	0.8903220254971875	centroids.dist	inner_cv_tuned_keepX
DIABLO multiblock sPLS-DA	block.splsda	DIABLO	2	TCGA-63-5128-01	LUSC	LUSC	1.276973601747089	centroids.dist	inner_cv_tuned_keepX
DIABLO multiblock sPLS-DA	block.splsda	DIABLO	2	TCGA-63-7020-01	LUSC	LUSC	1.010062262400723	centroids.dist	inner_cv_tuned_keepX
DIABLO multiblock sPLS-DA	block.splsda	DIABLO	2	TCGA-63-A5MB-01	LUSC	LUSC	1.2249897997327688	centroids.dist	inner_cv_tuned_keepX
DIABLO multiblock sPLS-DA	block.splsda	DIABLO	2	TCGA-70-6723-01	LUSC	LUSC	1.3520029786158232	centroids.dist	inner_cv_tuned_keepX
DIABLO multiblock sPLS-DA	block.splsda	DIABLO	2	TCGA-77-6845-01	LUSC	LUSC	1.1252596745043002	centroids.dist	inner_cv_tuned_keepX
DIABLO multiblock sPLS-DA	block.splsda	DIABLO	2	TCGA-77-7141-01	LUSC	LUSC	1.0197842274530737	centroids.dist	inner_cv_tuned_keepX
DIABLO multiblock sPLS-DA	block.splsda	DIABLO	2	TCGA-85-7698-01	LUSC	LUSC	1.1465274496666185	centroids.dist	inner_cv_tuned_keepX
DIABLO multiblock sPLS-DA	block.splsda	DIABLO	2	TCGA-85-8049-01	LUSC	LUSC	0.8714319491543953	centroids.dist	inner_cv_tuned_keepX
DIABLO multiblock sPLS-DA	block.splsda	DIABLO	2	TCGA-85-8351-01	LUSC	LUSC	0.7609552564801967	centroids.dist	inner_cv_tuned_keepX
DIABLO multiblock sPLS-DA	block.splsda	DIABLO	2	TCGA-85-A4PA-01	LUSC	LUAD	0.3301613432136523	centroids.dist	inner_cv_tuned_keepX
DIABLO multiblock sPLS-DA	block.splsda	DIABLO	2	TCGA-85-A4QR-01	LUSC	LUSC	1.203596367546894	centroids.dist	inner_cv_tuned_keepX
DIABLO multiblock sPLS-DA	block.splsda	DIABLO	2	TCGA-85-A50Z-01	LUSC	LUSC	0.7046233481804074	centroids.dist	inner_cv_tuned_keepX
DIABLO multiblock sPLS-DA	block.splsda	DIABLO	2	TCGA-90-7766-01	LUSC	LUSC	0.9426715365795117	centroids.dist	inner_cv_tuned_keepX
DIABLO multiblock sPLS-DA	block.splsda	DIABLO	2	TCGA-90-7767-01	LUSC	LUSC	1.1231474682523903	centroids.dist	inner_cv_tuned_keepX
DIABLO multiblock sPLS-DA	block.splsda	DIABLO	2	TCGA-90-A59Q-01	LUSC	LUAD	0.4363359814738994	centroids.dist	inner_cv_tuned_keepX
DIABLO multiblock sPLS-DA	block.splsda	DIABLO	2	TCGA-92-7340-01	LUSC	LUSC	0.8721988444097686	centroids.dist	inner_cv_tuned_keepX
DIABLO multiblock sPLS-DA	block.splsda	DIABLO	2	TCGA-94-A5I4-01	LUSC	LUSC	1.1241547290310203	centroids.dist	inner_cv_tuned_keepX
DIABLO multiblock sPLS-DA	block.splsda	DIABLO	2	TCGA-LA-A446-01	LUSC	LUSC	0.9453941320469242	centroids.dist	inner_cv_tuned_keepX
DIABLO multiblock sPLS-DA	block.splsda	DIABLO	2	TCGA-NC-A5HF-01	LUSC	LUSC	0.960728760819274	centroids.dist	inner_cv_tuned_keepX
DIABLO multiblock sPLS-DA	block.splsda	DIABLO	2	TCGA-NC-A5HJ-01	LUSC	LUAD	0.26956405172693343	centroids.dist	inner_cv_tuned_keepX
DIABLO multiblock sPLS-DA	block.splsda	DIABLO	2	TCGA-NC-A5HK-01	LUSC	LUSC	0.5662644338676049	centroids.dist	inner_cv_tuned_keepX
DIABLO multiblock sPLS-DA	block.splsda	DIABLO	2	TCGA-NC-A5HO-01	LUSC	LUSC	1.0527773026043703	centroids.dist	inner_cv_tuned_keepX
DIABLO multiblock sPLS-DA	block.splsda	DIABLO	2	TCGA-NC-A5HP-01	LUSC	LUSC	1.0327698099711706	centroids.dist	inner_cv_tuned_keepX
DIABLO multiblock sPLS-DA	block.splsda	DIABLO	2	TCGA-NC-A5HR-01	LUSC	LUSC	1.01106448495394	centroids.dist	inner_cv_tuned_keepX
DIABLO multiblock sPLS-DA	block.splsda	DIABLO	2	TCGA-NC-A5HT-01	LUSC	LUSC	1.0375676619037713	centroids.dist	inner_cv_tuned_keepX
DIABLO multiblock sPLS-DA	block.splsda	DIABLO	2	TCGA-O2-A52N-01	LUSC	LUSC	0.9714874122412047	centroids.dist	inner_cv_tuned_keepX
DIABLO multiblock sPLS-DA	block.splsda	DIABLO	3	TCGA-05-5423-01	LUAD	LUAD	0.04452605234588497	centroids.dist	inner_cv_tuned_keepX
DIABLO multiblock sPLS-DA	block.splsda	DIABLO	3	TCGA-05-5429-01	LUAD	LUAD	0.17951340184396358	centroids.dist	inner_cv_tuned_keepX
DIABLO multiblock sPLS-DA	block.splsda	DIABLO	3	TCGA-44-5643-01	LUAD	LUSC	0.8856482512948607	centroids.dist	inner_cv_tuned_keepX
DIABLO multiblock sPLS-DA	block.splsda	DIABLO	3	TCGA-44-6145-01	LUAD	LUAD	0.14274436808360835	centroids.dist	inner_cv_tuned_keepX
DIABLO multiblock sPLS-DA	block.splsda	DIABLO	3	TCGA-44-6148-01	LUAD	LUAD	0.5047800522286899	centroids.dist	inner_cv_tuned_keepX
DIABLO multiblock sPLS-DA	block.splsda	DIABLO	3	TCGA-49-4488-01	LUAD	LUAD	-0.01044744028434319	centroids.dist	inner_cv_tuned_keepX
DIABLO multiblock sPLS-DA	block.splsda	DIABLO	3	TCGA-49-4514-01	LUAD	LUAD	0.10951182633237427	centroids.dist	inner_cv_tuned_keepX
DIABLO multiblock sPLS-DA	block.splsda	DIABLO	3	TCGA-49-6744-01	LUAD	LUAD	0.12499919167597628	centroids.dist	inner_cv_tuned_keepX
DIABLO multiblock sPLS-DA	block.splsda	DIABLO	3	TCGA-49-6745-01	LUAD	LUAD	0.2412038821813624	centroids.dist	inner_cv_tuned_keepX
DIABLO multiblock sPLS-DA	block.splsda	DIABLO	3	TCGA-49-AAR0-01	LUAD	LUAD	0.11026681236877739	centroids.dist	inner_cv_tuned_keepX
DIABLO multiblock sPLS-DA	block.splsda	DIABLO	3	TCGA-49-AARO-01	LUAD	LUAD	0.11934831530146722	centroids.dist	inner_cv_tuned_keepX
DIABLO multiblock sPLS-DA	block.splsda	DIABLO	3	TCGA-50-5068-01	LUAD	LUAD	0.1742664483389783	centroids.dist	inner_cv_tuned_keepX
DIABLO multiblock sPLS-DA	block.splsda	DIABLO	3	TCGA-50-5939-01	LUAD	LUAD	0.16663220426948105	centroids.dist	inner_cv_tuned_keepX
DIABLO multiblock sPLS-DA	block.splsda	DIABLO	3	TCGA-50-5941-01	LUAD	LUAD	0.11540236624385869	centroids.dist	inner_cv_tuned_keepX
DIABLO multiblock sPLS-DA	block.splsda	DIABLO	3	TCGA-53-7626-01	LUAD	LUAD	0.11685849749210558	centroids.dist	inner_cv_tuned_keepX
DIABLO multiblock sPLS-DA	block.splsda	DIABLO	3	TCGA-53-A4EZ-01	LUAD	LUAD	-0.0037513896386517365	centroids.dist	inner_cv_tuned_keepX
DIABLO multiblock sPLS-DA	block.splsda	DIABLO	3	TCGA-55-5899-01	LUAD	LUAD	-0.02203209962199648	centroids.dist	inner_cv_tuned_keepX
DIABLO multiblock sPLS-DA	block.splsda	DIABLO	3	TCGA-55-6969-01	LUAD	LUAD	0.2782143471977008	centroids.dist	inner_cv_tuned_keepX
DIABLO multiblock sPLS-DA	block.splsda	DIABLO	3	TCGA-55-8620-01	LUAD	LUAD	0.12984230240067418	centroids.dist	inner_cv_tuned_keepX
DIABLO multiblock sPLS-DA	block.splsda	DIABLO	3	TCGA-55-A494-01	LUAD	LUAD	-0.11154609482706879	centroids.dist	inner_cv_tuned_keepX
DIABLO multiblock sPLS-DA	block.splsda	DIABLO	3	TCGA-62-8398-01	LUAD	LUAD	-0.03152350853992936	centroids.dist	inner_cv_tuned_keepX
DIABLO multiblock sPLS-DA	block.splsda	DIABLO	3	TCGA-62-A46O-01	LUAD	LUAD	0.06188328460419862	centroids.dist	inner_cv_tuned_keepX
DIABLO multiblock sPLS-DA	block.splsda	DIABLO	3	TCGA-64-5781-01	LUAD	LUAD	0.19596416560141877	centroids.dist	inner_cv_tuned_keepX
DIABLO multiblock sPLS-DA	block.splsda	DIABLO	3	TCGA-69-7760-01	LUAD	LUAD	0.14180418891455826	centroids.dist	inner_cv_tuned_keepX
DIABLO multiblock sPLS-DA	block.splsda	DIABLO	3	TCGA-69-7761-01	LUAD	LUAD	0.2199649226470587	centroids.dist	inner_cv_tuned_keepX
DIABLO multiblock sPLS-DA	block.splsda	DIABLO	3	TCGA-73-4676-01	LUAD	LUAD	-0.011678557186310501	centroids.dist	inner_cv_tuned_keepX
DIABLO multiblock sPLS-DA	block.splsda	DIABLO	3	TCGA-75-5122-01	LUAD	LUAD	0.18219599748077264	centroids.dist	inner_cv_tuned_keepX
DIABLO multiblock sPLS-DA	block.splsda	DIABLO	3	TCGA-75-6211-01	LUAD	LUAD	0.24765340608488698	centroids.dist	inner_cv_tuned_keepX
DIABLO multiblock sPLS-DA	block.splsda	DIABLO	3	TCGA-75-7027-01	LUAD	LUAD	0.050686235407933156	centroids.dist	inner_cv_tuned_keepX
DIABLO multiblock sPLS-DA	block.splsda	DIABLO	3	TCGA-78-7145-01	LUAD	LUAD	-0.027617540645940797	centroids.dist	inner_cv_tuned_keepX
DIABLO multiblock sPLS-DA	block.splsda	DIABLO	3	TCGA-78-7146-01	LUAD	LUAD	0.02446212045967422	centroids.dist	inner_cv_tuned_keepX
DIABLO multiblock sPLS-DA	block.splsda	DIABLO	3	TCGA-78-7148-01	LUAD	LUAD	-0.009006978195480964	centroids.dist	inner_cv_tuned_keepX
DIABLO multiblock sPLS-DA	block.splsda	DIABLO	3	TCGA-78-7149-01	LUAD	LUAD	-0.1234286108947964	centroids.dist	inner_cv_tuned_keepX
DIABLO multiblock sPLS-DA	block.splsda	DIABLO	3	TCGA-78-7155-01	LUAD	LUAD	0.14452488273217545	centroids.dist	inner_cv_tuned_keepX
DIABLO multiblock sPLS-DA	block.splsda	DIABLO	3	TCGA-78-7160-01	LUAD	LUAD	0.1235240155097731	centroids.dist	inner_cv_tuned_keepX
DIABLO multiblock sPLS-DA	block.splsda	DIABLO	3	TCGA-78-7542-01	LUAD	LUAD	0.21255899314365512	centroids.dist	inner_cv_tuned_keepX
DIABLO multiblock sPLS-DA	block.splsda	DIABLO	3	TCGA-80-5607-01	LUAD	LUAD	0.11787347347459809	centroids.dist	inner_cv_tuned_keepX
DIABLO multiblock sPLS-DA	block.splsda	DIABLO	3	TCGA-86-6851-01	LUAD	LUAD	0.04760300049607835	centroids.dist	inner_cv_tuned_keepX
DIABLO multiblock sPLS-DA	block.splsda	DIABLO	3	TCGA-86-8056-01	LUAD	LUAD	0.021631197314271877	centroids.dist	inner_cv_tuned_keepX
DIABLO multiblock sPLS-DA	block.splsda	DIABLO	3	TCGA-86-8075-01	LUAD	LUAD	0.05260752938189506	centroids.dist	inner_cv_tuned_keepX
DIABLO multiblock sPLS-DA	block.splsda	DIABLO	3	TCGA-86-8281-01	LUAD	LUAD	0.0011541197046422424	centroids.dist	inner_cv_tuned_keepX
DIABLO multiblock sPLS-DA	block.splsda	DIABLO	3	TCGA-86-8669-01	LUAD	LUAD	-0.02341579090324908	centroids.dist	inner_cv_tuned_keepX
DIABLO multiblock sPLS-DA	block.splsda	DIABLO	3	TCGA-86-8671-01	LUAD	LUAD	0.16922356947168676	centroids.dist	inner_cv_tuned_keepX
DIABLO multiblock sPLS-DA	block.splsda	DIABLO	3	TCGA-86-A4P7-01	LUAD	LUAD	0.1537509671520778	centroids.dist	inner_cv_tuned_keepX
DIABLO multiblock sPLS-DA	block.splsda	DIABLO	3	TCGA-91-6829-01	LUAD	LUAD	-0.01746108379254846	centroids.dist	inner_cv_tuned_keepX
DIABLO multiblock sPLS-DA	block.splsda	DIABLO	3	TCGA-91-6836-01	LUAD	LUAD	0.10206086186369318	centroids.dist	inner_cv_tuned_keepX
DIABLO multiblock sPLS-DA	block.splsda	DIABLO	3	TCGA-91-6848-01	LUAD	LUAD	0.3318545339477695	centroids.dist	inner_cv_tuned_keepX
DIABLO multiblock sPLS-DA	block.splsda	DIABLO	3	TCGA-91-6849-01	LUAD	LUAD	0.02235567803655908	centroids.dist	inner_cv_tuned_keepX
DIABLO multiblock sPLS-DA	block.splsda	DIABLO	3	TCGA-91-8497-01	LUAD	LUAD	0.08304924006776726	centroids.dist	inner_cv_tuned_keepX
DIABLO multiblock sPLS-DA	block.splsda	DIABLO	3	TCGA-91-8499-01	LUAD	LUSC	0.4203872065132794	centroids.dist	inner_cv_tuned_keepX
DIABLO multiblock sPLS-DA	block.splsda	DIABLO	3	TCGA-91-A4BC-01	LUAD	LUAD	0.1806473345301191	centroids.dist	inner_cv_tuned_keepX
DIABLO multiblock sPLS-DA	block.splsda	DIABLO	3	TCGA-91-A4BD-01	LUAD	LUAD	0.12934588918869921	centroids.dist	inner_cv_tuned_keepX
DIABLO multiblock sPLS-DA	block.splsda	DIABLO	3	TCGA-93-A4JN-01	LUAD	LUAD	0.11486312031524532	centroids.dist	inner_cv_tuned_keepX
DIABLO multiblock sPLS-DA	block.splsda	DIABLO	3	TCGA-93-A4JP-01	LUAD	LUAD	0.11549070241096238	centroids.dist	inner_cv_tuned_keepX
DIABLO multiblock sPLS-DA	block.splsda	DIABLO	3	TCGA-95-7947-01	LUAD	LUAD	0.21668000301848808	centroids.dist	inner_cv_tuned_keepX
DIABLO multiblock sPLS-DA	block.splsda	DIABLO	3	TCGA-95-7948-01	LUAD	LUAD	0.03152814958284195	centroids.dist	inner_cv_tuned_keepX
DIABLO multiblock sPLS-DA	block.splsda	DIABLO	3	TCGA-97-7554-01	LUAD	LUAD	0.08740993001884123	centroids.dist	inner_cv_tuned_keepX
DIABLO multiblock sPLS-DA	block.splsda	DIABLO	3	TCGA-99-8028-01	LUAD	LUAD	0.19842834987917413	centroids.dist	inner_cv_tuned_keepX
DIABLO multiblock sPLS-DA	block.splsda	DIABLO	3	TCGA-J2-A4AG-01	LUAD	LUAD	0.12078712163475708	centroids.dist	inner_cv_tuned_keepX
DIABLO multiblock sPLS-DA	block.splsda	DIABLO	3	TCGA-L9-A743-01	LUAD	LUAD	0.19038662010478868	centroids.dist	inner_cv_tuned_keepX
DIABLO multiblock sPLS-DA	block.splsda	DIABLO	3	TCGA-MP-A4T4-01	LUAD	LUAD	0.23838628086565708	centroids.dist	inner_cv_tuned_keepX
DIABLO multiblock sPLS-DA	block.splsda	DIABLO	3	TCGA-MP-A4TF-01	LUAD	LUAD	0.15530218822137248	centroids.dist	inner_cv_tuned_keepX
DIABLO multiblock sPLS-DA	block.splsda	DIABLO	3	TCGA-NJ-A4YI-01	LUAD	LUAD	0.03801097730566377	centroids.dist	inner_cv_tuned_keepX
DIABLO multiblock sPLS-DA	block.splsda	DIABLO	3	TCGA-18-4721-01	LUSC	LUSC	0.8296854195306815	centroids.dist	inner_cv_tuned_keepX
DIABLO multiblock sPLS-DA	block.splsda	DIABLO	3	TCGA-21-5787-01	LUSC	LUAD	0.16460794638018417	centroids.dist	inner_cv_tuned_keepX
DIABLO multiblock sPLS-DA	block.splsda	DIABLO	3	TCGA-22-5474-01	LUSC	LUSC	0.9828886547110718	centroids.dist	inner_cv_tuned_keepX
DIABLO multiblock sPLS-DA	block.splsda	DIABLO	3	TCGA-22-5478-01	LUSC	LUSC	0.744099933153677	centroids.dist	inner_cv_tuned_keepX
DIABLO multiblock sPLS-DA	block.splsda	DIABLO	3	TCGA-22-5489-01	LUSC	LUSC	0.8556039209434501	centroids.dist	inner_cv_tuned_keepX
DIABLO multiblock sPLS-DA	block.splsda	DIABLO	3	TCGA-33-6738-01	LUSC	LUAD	0.2940601086608319	centroids.dist	inner_cv_tuned_keepX
DIABLO multiblock sPLS-DA	block.splsda	DIABLO	3	TCGA-34-5234-01	LUSC	LUAD	0.5736057059907623	centroids.dist	inner_cv_tuned_keepX
DIABLO multiblock sPLS-DA	block.splsda	DIABLO	3	TCGA-34-5239-01	LUSC	LUSC	1.0026891942080882	centroids.dist	inner_cv_tuned_keepX
DIABLO multiblock sPLS-DA	block.splsda	DIABLO	3	TCGA-34-5928-01	LUSC	LUSC	0.9622076146891051	centroids.dist	inner_cv_tuned_keepX
DIABLO multiblock sPLS-DA	block.splsda	DIABLO	3	TCGA-34-8455-01	LUSC	LUSC	1.028137966841094	centroids.dist	inner_cv_tuned_keepX
DIABLO multiblock sPLS-DA	block.splsda	DIABLO	3	TCGA-37-A5EN-01	LUSC	LUSC	1.0153541208119492	centroids.dist	inner_cv_tuned_keepX
DIABLO multiblock sPLS-DA	block.splsda	DIABLO	3	TCGA-39-5021-01	LUSC	LUSC	0.7441078068217668	centroids.dist	inner_cv_tuned_keepX
DIABLO multiblock sPLS-DA	block.splsda	DIABLO	3	TCGA-39-5028-01	LUSC	LUSC	0.8007783332969307	centroids.dist	inner_cv_tuned_keepX
DIABLO multiblock sPLS-DA	block.splsda	DIABLO	3	TCGA-43-8115-01	LUSC	LUSC	0.872922919180301	centroids.dist	inner_cv_tuned_keepX
DIABLO multiblock sPLS-DA	block.splsda	DIABLO	3	TCGA-43-8118-01	LUSC	LUSC	0.7633480254169291	centroids.dist	inner_cv_tuned_keepX
DIABLO multiblock sPLS-DA	block.splsda	DIABLO	3	TCGA-52-7811-01	LUSC	LUSC	0.7838328987304539	centroids.dist	inner_cv_tuned_keepX
DIABLO multiblock sPLS-DA	block.splsda	DIABLO	3	TCGA-56-6545-01	LUSC	LUSC	0.818723378365644	centroids.dist	inner_cv_tuned_keepX
DIABLO multiblock sPLS-DA	block.splsda	DIABLO	3	TCGA-56-6546-01	LUSC	LUAD	0.47880694437265803	centroids.dist	inner_cv_tuned_keepX
DIABLO multiblock sPLS-DA	block.splsda	DIABLO	3	TCGA-56-7222-01	LUSC	LUSC	0.97522254099047	centroids.dist	inner_cv_tuned_keepX
DIABLO multiblock sPLS-DA	block.splsda	DIABLO	3	TCGA-56-A5DS-01	LUSC	LUSC	0.7674356876196677	centroids.dist	inner_cv_tuned_keepX
DIABLO multiblock sPLS-DA	block.splsda	DIABLO	3	TCGA-63-7021-01	LUSC	LUSC	0.7880165343382346	centroids.dist	inner_cv_tuned_keepX
DIABLO multiblock sPLS-DA	block.splsda	DIABLO	3	TCGA-63-7022-01	LUSC	LUSC	0.710595412392749	centroids.dist	inner_cv_tuned_keepX
DIABLO multiblock sPLS-DA	block.splsda	DIABLO	3	TCGA-63-A5MU-01	LUSC	LUSC	1.166614882732955	centroids.dist	inner_cv_tuned_keepX
DIABLO multiblock sPLS-DA	block.splsda	DIABLO	3	TCGA-68-A59J-01	LUSC	LUSC	0.9321541160932532	centroids.dist	inner_cv_tuned_keepX
DIABLO multiblock sPLS-DA	block.splsda	DIABLO	3	TCGA-70-6722-01	LUSC	LUSC	0.4508521685151172	centroids.dist	inner_cv_tuned_keepX
DIABLO multiblock sPLS-DA	block.splsda	DIABLO	3	TCGA-77-6843-01	LUSC	LUSC	0.9797680426693902	centroids.dist	inner_cv_tuned_keepX
DIABLO multiblock sPLS-DA	block.splsda	DIABLO	3	TCGA-77-6844-01	LUSC	LUSC	0.9743852284072632	centroids.dist	inner_cv_tuned_keepX
DIABLO multiblock sPLS-DA	block.splsda	DIABLO	3	TCGA-77-7142-01	LUSC	LUSC	0.9101492238342359	centroids.dist	inner_cv_tuned_keepX
DIABLO multiblock sPLS-DA	block.splsda	DIABLO	3	TCGA-77-8150-01	LUSC	LUSC	1.0921226482306419	centroids.dist	inner_cv_tuned_keepX
DIABLO multiblock sPLS-DA	block.splsda	DIABLO	3	TCGA-77-A5G6-01	LUSC	LUSC	1.1199485760671486	centroids.dist	inner_cv_tuned_keepX
DIABLO multiblock sPLS-DA	block.splsda	DIABLO	3	TCGA-85-6560-01	LUSC	LUAD	0.1671051844743761	centroids.dist	inner_cv_tuned_keepX
DIABLO multiblock sPLS-DA	block.splsda	DIABLO	3	TCGA-85-7710-01	LUSC	LUSC	1.1758165464959793	centroids.dist	inner_cv_tuned_keepX
DIABLO multiblock sPLS-DA	block.splsda	DIABLO	3	TCGA-85-8048-01	LUSC	LUSC	0.587351948984544	centroids.dist	inner_cv_tuned_keepX
DIABLO multiblock sPLS-DA	block.splsda	DIABLO	3	TCGA-85-8352-01	LUSC	LUSC	0.4378398174615073	centroids.dist	inner_cv_tuned_keepX
DIABLO multiblock sPLS-DA	block.splsda	DIABLO	3	TCGA-85-8355-01	LUSC	LUSC	0.6049789520964666	centroids.dist	inner_cv_tuned_keepX
DIABLO multiblock sPLS-DA	block.splsda	DIABLO	3	TCGA-85-8666-01	LUSC	LUSC	0.8002871185254143	centroids.dist	inner_cv_tuned_keepX
DIABLO multiblock sPLS-DA	block.splsda	DIABLO	3	TCGA-85-A4JB-01	LUSC	LUSC	0.8190193384274611	centroids.dist	inner_cv_tuned_keepX
DIABLO multiblock sPLS-DA	block.splsda	DIABLO	3	TCGA-85-A512-01	LUSC	LUSC	1.1573136544633724	centroids.dist	inner_cv_tuned_keepX
DIABLO multiblock sPLS-DA	block.splsda	DIABLO	3	TCGA-90-6837-01	LUSC	LUAD	0.08959510341685112	centroids.dist	inner_cv_tuned_keepX
DIABLO multiblock sPLS-DA	block.splsda	DIABLO	3	TCGA-90-A4EE-01	LUSC	LUSC	0.813527335679153	centroids.dist	inner_cv_tuned_keepX
DIABLO multiblock sPLS-DA	block.splsda	DIABLO	3	TCGA-94-7033-01	LUSC	LUSC	0.8313406095910819	centroids.dist	inner_cv_tuned_keepX
DIABLO multiblock sPLS-DA	block.splsda	DIABLO	3	TCGA-94-7943-01	LUSC	LUAD	0.6324456057672296	centroids.dist	inner_cv_tuned_keepX
DIABLO multiblock sPLS-DA	block.splsda	DIABLO	3	TCGA-96-A4JL-01	LUSC	LUSC	0.7374307671535617	centroids.dist	inner_cv_tuned_keepX
DIABLO multiblock sPLS-DA	block.splsda	DIABLO	3	TCGA-98-A53B-01	LUSC	LUSC	0.8596533025075941	centroids.dist	inner_cv_tuned_keepX
DIABLO multiblock sPLS-DA	block.splsda	DIABLO	3	TCGA-98-A53C-01	LUSC	LUAD	0.22656187278440132	centroids.dist	inner_cv_tuned_keepX
DIABLO multiblock sPLS-DA	block.splsda	DIABLO	3	TCGA-L3-A524-01	LUSC	LUSC	1.1782273576895528	centroids.dist	inner_cv_tuned_keepX
DIABLO multiblock sPLS-DA	block.splsda	DIABLO	3	TCGA-NC-A5HQ-01	LUSC	LUSC	0.954829575506528	centroids.dist	inner_cv_tuned_keepX
DIABLO multiblock sPLS-DA	block.splsda	DIABLO	3	TCGA-NK-A5CR-01	LUSC	LUSC	1.0673056021556047	centroids.dist	inner_cv_tuned_keepX
DIABLO multiblock sPLS-DA	block.splsda	DIABLO	3	TCGA-NK-A5CT-01	LUSC	LUSC	0.6008720723670866	centroids.dist	inner_cv_tuned_keepX
DIABLO multiblock sPLS-DA	block.splsda	DIABLO	3	TCGA-O2-A5IB-01	LUSC	LUAD	0.47262387284126733	centroids.dist	inner_cv_tuned_keepX
DIABLO multiblock sPLS-DA	block.splsda	DIABLO	4	TCGA-05-4384-01	LUAD	LUAD	-0.02595454995836438	centroids.dist	inner_cv_tuned_keepX
DIABLO multiblock sPLS-DA	block.splsda	DIABLO	4	TCGA-44-2668-01	LUAD	LUAD	0.2535249770141671	centroids.dist	inner_cv_tuned_keepX
DIABLO multiblock sPLS-DA	block.splsda	DIABLO	4	TCGA-44-6146-01	LUAD	LUAD	0.09058765840595168	centroids.dist	inner_cv_tuned_keepX
DIABLO multiblock sPLS-DA	block.splsda	DIABLO	4	TCGA-44-6777-01	LUAD	LUAD	0.14087800096302988	centroids.dist	inner_cv_tuned_keepX
DIABLO multiblock sPLS-DA	block.splsda	DIABLO	4	TCGA-44-7661-01	LUAD	LUAD	0.1243798781484895	centroids.dist	inner_cv_tuned_keepX
DIABLO multiblock sPLS-DA	block.splsda	DIABLO	4	TCGA-44-7662-01	LUAD	LUAD	0.08084855846592459	centroids.dist	inner_cv_tuned_keepX
DIABLO multiblock sPLS-DA	block.splsda	DIABLO	4	TCGA-44-A479-01	LUAD	LUAD	0.17020344640070573	centroids.dist	inner_cv_tuned_keepX
DIABLO multiblock sPLS-DA	block.splsda	DIABLO	4	TCGA-44-A47A-01	LUAD	LUAD	0.04604789086425143	centroids.dist	inner_cv_tuned_keepX
DIABLO multiblock sPLS-DA	block.splsda	DIABLO	4	TCGA-49-4487-01	LUAD	LUAD	0.1449402492803713	centroids.dist	inner_cv_tuned_keepX
DIABLO multiblock sPLS-DA	block.splsda	DIABLO	4	TCGA-49-6742-01	LUAD	LUAD	0.043549866517223645	centroids.dist	inner_cv_tuned_keepX
DIABLO multiblock sPLS-DA	block.splsda	DIABLO	4	TCGA-49-6767-01	LUAD	LUAD	0.2742195133431875	centroids.dist	inner_cv_tuned_keepX
DIABLO multiblock sPLS-DA	block.splsda	DIABLO	4	TCGA-49-AAR9-01	LUAD	LUAD	0.11856943154977317	centroids.dist	inner_cv_tuned_keepX
DIABLO multiblock sPLS-DA	block.splsda	DIABLO	4	TCGA-50-5045-01	LUAD	LUAD	0.16097949753447405	centroids.dist	inner_cv_tuned_keepX
DIABLO multiblock sPLS-DA	block.splsda	DIABLO	4	TCGA-50-5932-01	LUAD	LUAD	-0.10016748461355518	centroids.dist	inner_cv_tuned_keepX
DIABLO multiblock sPLS-DA	block.splsda	DIABLO	4	TCGA-50-5942-01	LUAD	LUAD	0.05841550423919395	centroids.dist	inner_cv_tuned_keepX
DIABLO multiblock sPLS-DA	block.splsda	DIABLO	4	TCGA-50-5944-01	LUAD	LUAD	-0.1053852451985966	centroids.dist	inner_cv_tuned_keepX
DIABLO multiblock sPLS-DA	block.splsda	DIABLO	4	TCGA-50-6591-01	LUAD	LUAD	0.23634163850846943	centroids.dist	inner_cv_tuned_keepX
DIABLO multiblock sPLS-DA	block.splsda	DIABLO	4	TCGA-50-6592-01	LUAD	LUAD	0.22648438736691218	centroids.dist	inner_cv_tuned_keepX
DIABLO multiblock sPLS-DA	block.splsda	DIABLO	4	TCGA-50-6593-01	LUAD	LUAD	0.16152932097850076	centroids.dist	inner_cv_tuned_keepX
DIABLO multiblock sPLS-DA	block.splsda	DIABLO	4	TCGA-50-6594-01	LUAD	LUAD	0.0888731520566397	centroids.dist	inner_cv_tuned_keepX
DIABLO multiblock sPLS-DA	block.splsda	DIABLO	4	TCGA-50-7109-01	LUAD	LUAD	0.08504841654396661	centroids.dist	inner_cv_tuned_keepX
DIABLO multiblock sPLS-DA	block.splsda	DIABLO	4	TCGA-55-6982-01	LUAD	LUAD	0.1315161722424275	centroids.dist	inner_cv_tuned_keepX
DIABLO multiblock sPLS-DA	block.splsda	DIABLO	4	TCGA-55-7574-01	LUAD	LUAD	0.16131690966615508	centroids.dist	inner_cv_tuned_keepX
DIABLO multiblock sPLS-DA	block.splsda	DIABLO	4	TCGA-55-7728-01	LUAD	LUAD	0.2042346707690666	centroids.dist	inner_cv_tuned_keepX
DIABLO multiblock sPLS-DA	block.splsda	DIABLO	4	TCGA-55-7815-01	LUAD	LUAD	0.09458498341115174	centroids.dist	inner_cv_tuned_keepX
DIABLO multiblock sPLS-DA	block.splsda	DIABLO	4	TCGA-62-8394-01	LUAD	LUAD	-0.01393126079443291	centroids.dist	inner_cv_tuned_keepX
DIABLO multiblock sPLS-DA	block.splsda	DIABLO	4	TCGA-64-5778-01	LUAD	LUAD	0.044757573564339015	centroids.dist	inner_cv_tuned_keepX
DIABLO multiblock sPLS-DA	block.splsda	DIABLO	4	TCGA-69-7764-01	LUAD	LUAD	-0.09514165614636727	centroids.dist	inner_cv_tuned_keepX
DIABLO multiblock sPLS-DA	block.splsda	DIABLO	4	TCGA-71-6725-01	LUAD	LUAD	-0.05237263066514786	centroids.dist	inner_cv_tuned_keepX
DIABLO multiblock sPLS-DA	block.splsda	DIABLO	4	TCGA-73-4658-01	LUAD	LUAD	0.14177097513274944	centroids.dist	inner_cv_tuned_keepX
DIABLO multiblock sPLS-DA	block.splsda	DIABLO	4	TCGA-73-A9RS-01	LUAD	LUAD	0.04258920306894309	centroids.dist	inner_cv_tuned_keepX
DIABLO multiblock sPLS-DA	block.splsda	DIABLO	4	TCGA-75-6214-01	LUAD	LUSC	0.5100443423246162	centroids.dist	inner_cv_tuned_keepX
DIABLO multiblock sPLS-DA	block.splsda	DIABLO	4	TCGA-78-7147-01	LUAD	LUAD	-0.028318823806594506	centroids.dist	inner_cv_tuned_keepX
DIABLO multiblock sPLS-DA	block.splsda	DIABLO	4	TCGA-78-7152-01	LUAD	LUAD	-0.02191994906251543	centroids.dist	inner_cv_tuned_keepX
DIABLO multiblock sPLS-DA	block.splsda	DIABLO	4	TCGA-78-7162-01	LUAD	LUAD	0.033306073193184516	centroids.dist	inner_cv_tuned_keepX
DIABLO multiblock sPLS-DA	block.splsda	DIABLO	4	TCGA-78-7166-01	LUAD	LUAD	-0.07048651416031482	centroids.dist	inner_cv_tuned_keepX
DIABLO multiblock sPLS-DA	block.splsda	DIABLO	4	TCGA-78-7535-01	LUAD	LUAD	-0.003709666471681805	centroids.dist	inner_cv_tuned_keepX
DIABLO multiblock sPLS-DA	block.splsda	DIABLO	4	TCGA-78-7536-01	LUAD	LUAD	-0.04889954135990826	centroids.dist	inner_cv_tuned_keepX
DIABLO multiblock sPLS-DA	block.splsda	DIABLO	4	TCGA-80-5611-01	LUAD	LUAD	0.18854489463988944	centroids.dist	inner_cv_tuned_keepX
DIABLO multiblock sPLS-DA	block.splsda	DIABLO	4	TCGA-86-7711-01	LUAD	LUAD	0.24969368277978327	centroids.dist	inner_cv_tuned_keepX
DIABLO multiblock sPLS-DA	block.splsda	DIABLO	4	TCGA-86-7713-01	LUAD	LUAD	-0.059457447916339334	centroids.dist	inner_cv_tuned_keepX
DIABLO multiblock sPLS-DA	block.splsda	DIABLO	4	TCGA-86-8073-01	LUAD	LUAD	0.19962860003223165	centroids.dist	inner_cv_tuned_keepX
DIABLO multiblock sPLS-DA	block.splsda	DIABLO	4	TCGA-86-8668-01	LUAD	LUAD	0.018130466286166547	centroids.dist	inner_cv_tuned_keepX
DIABLO multiblock sPLS-DA	block.splsda	DIABLO	4	TCGA-86-A456-01	LUAD	LUAD	0.1387372330645203	centroids.dist	inner_cv_tuned_keepX
DIABLO multiblock sPLS-DA	block.splsda	DIABLO	4	TCGA-91-6830-01	LUAD	LUAD	0.1231656012386505	centroids.dist	inner_cv_tuned_keepX
DIABLO multiblock sPLS-DA	block.splsda	DIABLO	4	TCGA-91-6831-01	LUAD	LUAD	0.04851827293195543	centroids.dist	inner_cv_tuned_keepX
DIABLO multiblock sPLS-DA	block.splsda	DIABLO	4	TCGA-91-6835-01	LUAD	LUAD	0.19904885803675024	centroids.dist	inner_cv_tuned_keepX
DIABLO multiblock sPLS-DA	block.splsda	DIABLO	4	TCGA-93-7348-01	LUAD	LUAD	0.21621899523771212	centroids.dist	inner_cv_tuned_keepX
DIABLO multiblock sPLS-DA	block.splsda	DIABLO	4	TCGA-95-7567-01	LUAD	LUAD	0.04470154388000258	centroids.dist	inner_cv_tuned_keepX
DIABLO multiblock sPLS-DA	block.splsda	DIABLO	4	TCGA-95-A4VN-01	LUAD	LUAD	0.14454168989276667	centroids.dist	inner_cv_tuned_keepX
DIABLO multiblock sPLS-DA	block.splsda	DIABLO	4	TCGA-95-A4VP-01	LUAD	LUAD	0.1138423913838687	centroids.dist	inner_cv_tuned_keepX
DIABLO multiblock sPLS-DA	block.splsda	DIABLO	4	TCGA-97-7552-01	LUAD	LUAD	0.2477030270108051	centroids.dist	inner_cv_tuned_keepX
DIABLO multiblock sPLS-DA	block.splsda	DIABLO	4	TCGA-97-7938-01	LUAD	LUAD	0.05608286425881365	centroids.dist	inner_cv_tuned_keepX
DIABLO multiblock sPLS-DA	block.splsda	DIABLO	4	TCGA-MN-A4N1-01	LUAD	LUAD	0.11521338273350867	centroids.dist	inner_cv_tuned_keepX
DIABLO multiblock sPLS-DA	block.splsda	DIABLO	4	TCGA-MP-A4SW-01	LUAD	LUAD	0.056123496751426805	centroids.dist	inner_cv_tuned_keepX
DIABLO multiblock sPLS-DA	block.splsda	DIABLO	4	TCGA-MP-A4SY-01	LUAD	LUAD	0.25165919952220667	centroids.dist	inner_cv_tuned_keepX
DIABLO multiblock sPLS-DA	block.splsda	DIABLO	4	TCGA-MP-A4T6-01	LUAD	LUAD	0.05368314639217964	centroids.dist	inner_cv_tuned_keepX
DIABLO multiblock sPLS-DA	block.splsda	DIABLO	4	TCGA-MP-A4T7-01	LUAD	LUAD	0.08930400584711035	centroids.dist	inner_cv_tuned_keepX
DIABLO multiblock sPLS-DA	block.splsda	DIABLO	4	TCGA-MP-A4TD-01	LUAD	LUAD	0.15929942996602386	centroids.dist	inner_cv_tuned_keepX
DIABLO multiblock sPLS-DA	block.splsda	DIABLO	4	TCGA-MP-A4TE-01	LUAD	LUAD	0.1227336714253236	centroids.dist	inner_cv_tuned_keepX
DIABLO multiblock sPLS-DA	block.splsda	DIABLO	4	TCGA-MP-A4TK-01	LUAD	LUAD	0.10475471465833397	centroids.dist	inner_cv_tuned_keepX
DIABLO multiblock sPLS-DA	block.splsda	DIABLO	4	TCGA-NJ-A55A-01	LUAD	LUAD	0.4795021805449813	centroids.dist	inner_cv_tuned_keepX
DIABLO multiblock sPLS-DA	block.splsda	DIABLO	4	TCGA-O1-A52J-01	LUAD	LUAD	0.0017566755242769405	centroids.dist	inner_cv_tuned_keepX
DIABLO multiblock sPLS-DA	block.splsda	DIABLO	4	TCGA-21-5782-01	LUSC	LUSC	0.9490673625023768	centroids.dist	inner_cv_tuned_keepX
DIABLO multiblock sPLS-DA	block.splsda	DIABLO	4	TCGA-21-5786-01	LUSC	LUSC	0.9889009435019971	centroids.dist	inner_cv_tuned_keepX
DIABLO multiblock sPLS-DA	block.splsda	DIABLO	4	TCGA-22-5477-01	LUSC	LUSC	1.2451860599722553	centroids.dist	inner_cv_tuned_keepX
DIABLO multiblock sPLS-DA	block.splsda	DIABLO	4	TCGA-22-5483-01	LUSC	LUAD	0.2577680302187254	centroids.dist	inner_cv_tuned_keepX
DIABLO multiblock sPLS-DA	block.splsda	DIABLO	4	TCGA-22-5491-01	LUSC	LUSC	1.2113503031525816	centroids.dist	inner_cv_tuned_keepX
DIABLO multiblock sPLS-DA	block.splsda	DIABLO	4	TCGA-33-4566-01	LUSC	LUAD	0.40893546252140905	centroids.dist	inner_cv_tuned_keepX
DIABLO multiblock sPLS-DA	block.splsda	DIABLO	4	TCGA-33-4586-01	LUSC	LUSC	1.0644929204732287	centroids.dist	inner_cv_tuned_keepX
DIABLO multiblock sPLS-DA	block.splsda	DIABLO	4	TCGA-33-AASB-01	LUSC	LUAD	0.26348228267240537	centroids.dist	inner_cv_tuned_keepX
DIABLO multiblock sPLS-DA	block.splsda	DIABLO	4	TCGA-33-AASD-01	LUSC	LUSC	1.2025537459577316	centroids.dist	inner_cv_tuned_keepX
DIABLO multiblock sPLS-DA	block.splsda	DIABLO	4	TCGA-34-5236-01	LUSC	LUSC	0.814752568618414	centroids.dist	inner_cv_tuned_keepX
DIABLO multiblock sPLS-DA	block.splsda	DIABLO	4	TCGA-34-5929-01	LUSC	LUSC	1.108239581074637	centroids.dist	inner_cv_tuned_keepX
DIABLO multiblock sPLS-DA	block.splsda	DIABLO	4	TCGA-34-7107-01	LUSC	LUSC	1.2760045701078715	centroids.dist	inner_cv_tuned_keepX
DIABLO multiblock sPLS-DA	block.splsda	DIABLO	4	TCGA-39-5016-01	LUSC	LUSC	1.0358922694970398	centroids.dist	inner_cv_tuned_keepX
DIABLO multiblock sPLS-DA	block.splsda	DIABLO	4	TCGA-39-5019-01	LUSC	LUSC	0.9530515614601459	centroids.dist	inner_cv_tuned_keepX
DIABLO multiblock sPLS-DA	block.splsda	DIABLO	4	TCGA-39-5037-01	LUSC	LUSC	1.0891958321414421	centroids.dist	inner_cv_tuned_keepX
DIABLO multiblock sPLS-DA	block.splsda	DIABLO	4	TCGA-43-5668-01	LUSC	LUAD	0.1565266521398052	centroids.dist	inner_cv_tuned_keepX
DIABLO multiblock sPLS-DA	block.splsda	DIABLO	4	TCGA-43-A474-01	LUSC	LUSC	1.1229939663500752	centroids.dist	inner_cv_tuned_keepX
DIABLO multiblock sPLS-DA	block.splsda	DIABLO	4	TCGA-43-A475-01	LUSC	LUSC	0.8749520388344181	centroids.dist	inner_cv_tuned_keepX
DIABLO multiblock sPLS-DA	block.splsda	DIABLO	4	TCGA-56-A4BX-01	LUSC	LUSC	1.2981667121795126	centroids.dist	inner_cv_tuned_keepX
DIABLO multiblock sPLS-DA	block.splsda	DIABLO	4	TCGA-58-8388-01	LUSC	LUSC	1.1235729666349354	centroids.dist	inner_cv_tuned_keepX
DIABLO multiblock sPLS-DA	block.splsda	DIABLO	4	TCGA-58-A46J-01	LUSC	LUSC	0.6870433271720829	centroids.dist	inner_cv_tuned_keepX
DIABLO multiblock sPLS-DA	block.splsda	DIABLO	4	TCGA-58-A46N-01	LUSC	LUSC	1.2874915900056267	centroids.dist	inner_cv_tuned_keepX
DIABLO multiblock sPLS-DA	block.splsda	DIABLO	4	TCGA-60-2709-01	LUSC	LUSC	0.6646386968357155	centroids.dist	inner_cv_tuned_keepX
DIABLO multiblock sPLS-DA	block.splsda	DIABLO	4	TCGA-63-A5MI-01	LUSC	LUSC	0.8847337300018168	centroids.dist	inner_cv_tuned_keepX
DIABLO multiblock sPLS-DA	block.splsda	DIABLO	4	TCGA-63-A5MP-01	LUSC	LUSC	0.7650484775292969	centroids.dist	inner_cv_tuned_keepX
DIABLO multiblock sPLS-DA	block.splsda	DIABLO	4	TCGA-63-A5MT-01	LUSC	LUSC	0.7506531073696471	centroids.dist	inner_cv_tuned_keepX
DIABLO multiblock sPLS-DA	block.splsda	DIABLO	4	TCGA-63-A5MV-01	LUSC	LUSC	0.7904848200879263	centroids.dist	inner_cv_tuned_keepX
DIABLO multiblock sPLS-DA	block.splsda	DIABLO	4	TCGA-63-A5MY-01	LUSC	LUSC	0.9361105517447783	centroids.dist	inner_cv_tuned_keepX
DIABLO multiblock sPLS-DA	block.splsda	DIABLO	4	TCGA-77-7463-01	LUSC	LUSC	0.9764486276797489	centroids.dist	inner_cv_tuned_keepX
DIABLO multiblock sPLS-DA	block.splsda	DIABLO	4	TCGA-77-8153-01	LUSC	LUSC	1.0885579768836746	centroids.dist	inner_cv_tuned_keepX
DIABLO multiblock sPLS-DA	block.splsda	DIABLO	4	TCGA-77-A5G1-01	LUSC	LUSC	0.5399678614973182	centroids.dist	inner_cv_tuned_keepX
DIABLO multiblock sPLS-DA	block.splsda	DIABLO	4	TCGA-77-A5G3-01	LUSC	LUSC	1.123200675852834	centroids.dist	inner_cv_tuned_keepX
DIABLO multiblock sPLS-DA	block.splsda	DIABLO	4	TCGA-79-5596-01	LUSC	LUSC	1.0801058131681858	centroids.dist	inner_cv_tuned_keepX
DIABLO multiblock sPLS-DA	block.splsda	DIABLO	4	TCGA-85-6798-01	LUSC	LUSC	1.006698486455144	centroids.dist	inner_cv_tuned_keepX
DIABLO multiblock sPLS-DA	block.splsda	DIABLO	4	TCGA-85-7699-01	LUSC	LUSC	1.0682975483212813	centroids.dist	inner_cv_tuned_keepX
DIABLO multiblock sPLS-DA	block.splsda	DIABLO	4	TCGA-85-7843-01	LUSC	LUSC	1.0458946616233296	centroids.dist	inner_cv_tuned_keepX
DIABLO multiblock sPLS-DA	block.splsda	DIABLO	4	TCGA-85-8072-01	LUSC	LUSC	0.9412586168061036	centroids.dist	inner_cv_tuned_keepX
DIABLO multiblock sPLS-DA	block.splsda	DIABLO	4	TCGA-85-8288-01	LUSC	LUSC	1.029629934503527	centroids.dist	inner_cv_tuned_keepX
DIABLO multiblock sPLS-DA	block.splsda	DIABLO	4	TCGA-85-8350-01	LUSC	LUSC	0.9587538176400471	centroids.dist	inner_cv_tuned_keepX
DIABLO multiblock sPLS-DA	block.splsda	DIABLO	4	TCGA-85-8479-01	LUSC	LUSC	1.1457814841416802	centroids.dist	inner_cv_tuned_keepX
DIABLO multiblock sPLS-DA	block.splsda	DIABLO	4	TCGA-85-8580-01	LUSC	LUSC	0.7134161556519101	centroids.dist	inner_cv_tuned_keepX
DIABLO multiblock sPLS-DA	block.splsda	DIABLO	4	TCGA-85-A4CL-01	LUSC	LUSC	1.0699309901455738	centroids.dist	inner_cv_tuned_keepX
DIABLO multiblock sPLS-DA	block.splsda	DIABLO	4	TCGA-85-A4CN-01	LUSC	LUSC	1.0040541511188517	centroids.dist	inner_cv_tuned_keepX
DIABLO multiblock sPLS-DA	block.splsda	DIABLO	4	TCGA-96-7544-01	LUSC	LUSC	1.0091242089083914	centroids.dist	inner_cv_tuned_keepX
DIABLO multiblock sPLS-DA	block.splsda	DIABLO	4	TCGA-98-7454-01	LUSC	LUAD	0.38891398659776066	centroids.dist	inner_cv_tuned_keepX
DIABLO multiblock sPLS-DA	block.splsda	DIABLO	4	TCGA-98-A538-01	LUSC	LUSC	0.9777185615193337	centroids.dist	inner_cv_tuned_keepX
DIABLO multiblock sPLS-DA	block.splsda	DIABLO	4	TCGA-MF-A522-01	LUSC	LUSC	1.1888034651963002	centroids.dist	inner_cv_tuned_keepX
DIABLO multiblock sPLS-DA	block.splsda	DIABLO	4	TCGA-NC-A5HE-01	LUSC	LUSC	0.7262082586171695	centroids.dist	inner_cv_tuned_keepX
DIABLO multiblock sPLS-DA	block.splsda	DIABLO	4	TCGA-NK-A7XE-01	LUSC	LUSC	0.7681568853434637	centroids.dist	inner_cv_tuned_keepX
DIABLO multiblock sPLS-DA	block.splsda	DIABLO	4	TCGA-O2-A52Q-01	LUSC	LUAD	0.109518280252898	centroids.dist	inner_cv_tuned_keepX
DIABLO multiblock sPLS-DA	block.splsda	DIABLO	5	TCGA-05-4410-01	LUAD	LUAD	0.1275466838684038	centroids.dist	inner_cv_tuned_keepX
DIABLO multiblock sPLS-DA	block.splsda	DIABLO	5	TCGA-05-4417-01	LUAD	LUAD	0.1055494079220981	centroids.dist	inner_cv_tuned_keepX
DIABLO multiblock sPLS-DA	block.splsda	DIABLO	5	TCGA-38-6178-01	LUAD	LUAD	0.10168208751216601	centroids.dist	inner_cv_tuned_keepX
DIABLO multiblock sPLS-DA	block.splsda	DIABLO	5	TCGA-44-2665-01	LUAD	LUAD	0.13229158656824297	centroids.dist	inner_cv_tuned_keepX
DIABLO multiblock sPLS-DA	block.splsda	DIABLO	5	TCGA-44-3918-01	LUAD	LUAD	0.02903760917639725	centroids.dist	inner_cv_tuned_keepX
DIABLO multiblock sPLS-DA	block.splsda	DIABLO	5	TCGA-44-5645-01	LUAD	LUAD	0.10048396099899676	centroids.dist	inner_cv_tuned_keepX
DIABLO multiblock sPLS-DA	block.splsda	DIABLO	5	TCGA-44-6774-01	LUAD	LUAD	0.1348972931178649	centroids.dist	inner_cv_tuned_keepX
DIABLO multiblock sPLS-DA	block.splsda	DIABLO	5	TCGA-44-6778-01	LUAD	LUAD	0.3146750031041098	centroids.dist	inner_cv_tuned_keepX
DIABLO multiblock sPLS-DA	block.splsda	DIABLO	5	TCGA-44-6779-01	LUAD	LUAD	0.24119295693364573	centroids.dist	inner_cv_tuned_keepX
DIABLO multiblock sPLS-DA	block.splsda	DIABLO	5	TCGA-44-7669-01	LUAD	LUAD	0.10494751795049845	centroids.dist	inner_cv_tuned_keepX
DIABLO multiblock sPLS-DA	block.splsda	DIABLO	5	TCGA-44-7670-01	LUAD	LUAD	0.31221507385546643	centroids.dist	inner_cv_tuned_keepX
DIABLO multiblock sPLS-DA	block.splsda	DIABLO	5	TCGA-44-7672-01	LUAD	LUAD	0.17842620608454784	centroids.dist	inner_cv_tuned_keepX
DIABLO multiblock sPLS-DA	block.splsda	DIABLO	5	TCGA-44-8117-01	LUAD	LUAD	-0.02969815847809376	centroids.dist	inner_cv_tuned_keepX
DIABLO multiblock sPLS-DA	block.splsda	DIABLO	5	TCGA-44-A47G-01	LUAD	LUAD	0.22266243072397174	centroids.dist	inner_cv_tuned_keepX
DIABLO multiblock sPLS-DA	block.splsda	DIABLO	5	TCGA-44-A4SS-01	LUAD	LUAD	0.2580159583096704	centroids.dist	inner_cv_tuned_keepX
DIABLO multiblock sPLS-DA	block.splsda	DIABLO	5	TCGA-49-AAR2-01	LUAD	LUAD	0.2015906588334181	centroids.dist	inner_cv_tuned_keepX
DIABLO multiblock sPLS-DA	block.splsda	DIABLO	5	TCGA-49-AAR3-01	LUAD	LUAD	0.23528198412927737	centroids.dist	inner_cv_tuned_keepX
DIABLO multiblock sPLS-DA	block.splsda	DIABLO	5	TCGA-50-5051-01	LUAD	LUAD	-5.091681355444133e-4	centroids.dist	inner_cv_tuned_keepX
DIABLO multiblock sPLS-DA	block.splsda	DIABLO	5	TCGA-50-5066-01	LUAD	LUAD	0.2051025155195908	centroids.dist	inner_cv_tuned_keepX
DIABLO multiblock sPLS-DA	block.splsda	DIABLO	5	TCGA-50-5072-01	LUAD	LUAD	0.20322167881677822	centroids.dist	inner_cv_tuned_keepX
DIABLO multiblock sPLS-DA	block.splsda	DIABLO	5	TCGA-50-5936-01	LUAD	LUAD	0.1514335441074552	centroids.dist	inner_cv_tuned_keepX
DIABLO multiblock sPLS-DA	block.splsda	DIABLO	5	TCGA-53-7624-01	LUAD	LUAD	0.1264377284382806	centroids.dist	inner_cv_tuned_keepX
DIABLO multiblock sPLS-DA	block.splsda	DIABLO	5	TCGA-53-7813-01	LUAD	LUAD	0.12921403872219483	centroids.dist	inner_cv_tuned_keepX
DIABLO multiblock sPLS-DA	block.splsda	DIABLO	5	TCGA-55-6543-01	LUAD	LUAD	0.039277835498925606	centroids.dist	inner_cv_tuned_keepX
DIABLO multiblock sPLS-DA	block.splsda	DIABLO	5	TCGA-55-6978-01	LUAD	LUAD	0.2747885496336274	centroids.dist	inner_cv_tuned_keepX
DIABLO multiblock sPLS-DA	block.splsda	DIABLO	5	TCGA-55-7911-01	LUAD	LUAD	0.13705953909559776	centroids.dist	inner_cv_tuned_keepX
DIABLO multiblock sPLS-DA	block.splsda	DIABLO	5	TCGA-55-8505-01	LUAD	LUAD	0.2103607757565683	centroids.dist	inner_cv_tuned_keepX
DIABLO multiblock sPLS-DA	block.splsda	DIABLO	5	TCGA-55-8506-01	LUAD	LUAD	0.028903441925735684	centroids.dist	inner_cv_tuned_keepX
DIABLO multiblock sPLS-DA	block.splsda	DIABLO	5	TCGA-62-A46S-01	LUAD	LUAD	-0.01869281643309051	centroids.dist	inner_cv_tuned_keepX
DIABLO multiblock sPLS-DA	block.splsda	DIABLO	5	TCGA-62-A471-01	LUAD	LUAD	0.28935744427472243	centroids.dist	inner_cv_tuned_keepX
DIABLO multiblock sPLS-DA	block.splsda	DIABLO	5	TCGA-64-1681-01	LUAD	LUAD	0.0042343878155551296	centroids.dist	inner_cv_tuned_keepX
DIABLO multiblock sPLS-DA	block.splsda	DIABLO	5	TCGA-64-5779-01	LUAD	LUAD	0.01518812107123002	centroids.dist	inner_cv_tuned_keepX
DIABLO multiblock sPLS-DA	block.splsda	DIABLO	5	TCGA-67-6215-01	LUAD	LUAD	-0.07275236273388286	centroids.dist	inner_cv_tuned_keepX
DIABLO multiblock sPLS-DA	block.splsda	DIABLO	5	TCGA-69-7763-01	LUAD	LUAD	0.08744523933343945	centroids.dist	inner_cv_tuned_keepX
DIABLO multiblock sPLS-DA	block.splsda	DIABLO	5	TCGA-69-7765-01	LUAD	LUAD	0.13601448424619167	centroids.dist	inner_cv_tuned_keepX
DIABLO multiblock sPLS-DA	block.splsda	DIABLO	5	TCGA-69-A59K-01	LUAD	LUAD	0.20408476117550056	centroids.dist	inner_cv_tuned_keepX
DIABLO multiblock sPLS-DA	block.splsda	DIABLO	5	TCGA-73-7498-01	LUAD	LUAD	-0.06456266932456589	centroids.dist	inner_cv_tuned_keepX
DIABLO multiblock sPLS-DA	block.splsda	DIABLO	5	TCGA-73-7499-01	LUAD	LUAD	0.09884733605425378	centroids.dist	inner_cv_tuned_keepX
DIABLO multiblock sPLS-DA	block.splsda	DIABLO	5	TCGA-75-5125-01	LUAD	LUAD	0.12462201572006731	centroids.dist	inner_cv_tuned_keepX
DIABLO multiblock sPLS-DA	block.splsda	DIABLO	5	TCGA-75-6205-01	LUAD	LUAD	0.3571546443411053	centroids.dist	inner_cv_tuned_keepX
DIABLO multiblock sPLS-DA	block.splsda	DIABLO	5	TCGA-75-6212-01	LUAD	LUAD	0.10250545529952065	centroids.dist	inner_cv_tuned_keepX
DIABLO multiblock sPLS-DA	block.splsda	DIABLO	5	TCGA-78-7143-01	LUAD	LUAD	-0.0223760668146169	centroids.dist	inner_cv_tuned_keepX
DIABLO multiblock sPLS-DA	block.splsda	DIABLO	5	TCGA-78-7159-01	LUAD	LUAD	0.050009864551299466	centroids.dist	inner_cv_tuned_keepX
DIABLO multiblock sPLS-DA	block.splsda	DIABLO	5	TCGA-78-7540-01	LUAD	LUAD	0.210861708228014	centroids.dist	inner_cv_tuned_keepX
DIABLO multiblock sPLS-DA	block.splsda	DIABLO	5	TCGA-78-7633-01	LUAD	LUAD	-0.20613449615826518	centroids.dist	inner_cv_tuned_keepX
DIABLO multiblock sPLS-DA	block.splsda	DIABLO	5	TCGA-78-8662-01	LUAD	LUAD	0.020418137189429197	centroids.dist	inner_cv_tuned_keepX
DIABLO multiblock sPLS-DA	block.splsda	DIABLO	5	TCGA-86-7954-01	LUAD	LUAD	0.04296599486535074	centroids.dist	inner_cv_tuned_keepX
DIABLO multiblock sPLS-DA	block.splsda	DIABLO	5	TCGA-86-8278-01	LUAD	LUAD	0.13606691060327597	centroids.dist	inner_cv_tuned_keepX
DIABLO multiblock sPLS-DA	block.splsda	DIABLO	5	TCGA-86-8585-01	LUAD	LUAD	0.25811532795292114	centroids.dist	inner_cv_tuned_keepX
DIABLO multiblock sPLS-DA	block.splsda	DIABLO	5	TCGA-91-8496-01	LUAD	LUAD	-1.5520513998290575e-4	centroids.dist	inner_cv_tuned_keepX
DIABLO multiblock sPLS-DA	block.splsda	DIABLO	5	TCGA-93-A4JO-01	LUAD	LUAD	0.23422863927181492	centroids.dist	inner_cv_tuned_keepX
DIABLO multiblock sPLS-DA	block.splsda	DIABLO	5	TCGA-93-A4JQ-01	LUAD	LUAD	0.20178591323777414	centroids.dist	inner_cv_tuned_keepX
DIABLO multiblock sPLS-DA	block.splsda	DIABLO	5	TCGA-95-7039-01	LUAD	LUAD	-0.0033448704776329885	centroids.dist	inner_cv_tuned_keepX
DIABLO multiblock sPLS-DA	block.splsda	DIABLO	5	TCGA-95-7944-01	LUAD	LUAD	0.18936104503227214	centroids.dist	inner_cv_tuned_keepX
DIABLO multiblock sPLS-DA	block.splsda	DIABLO	5	TCGA-97-8179-01	LUAD	LUAD	-0.07839577021709054	centroids.dist	inner_cv_tuned_keepX
DIABLO multiblock sPLS-DA	block.splsda	DIABLO	5	TCGA-J2-8192-01	LUAD	LUAD	0.06253784573691945	centroids.dist	inner_cv_tuned_keepX
DIABLO multiblock sPLS-DA	block.splsda	DIABLO	5	TCGA-J2-A4AD-01	LUAD	LUAD	0.2417958149782679	centroids.dist	inner_cv_tuned_keepX
DIABLO multiblock sPLS-DA	block.splsda	DIABLO	5	TCGA-L9-A7SV-01	LUAD	LUAD	-0.09678451294073631	centroids.dist	inner_cv_tuned_keepX
DIABLO multiblock sPLS-DA	block.splsda	DIABLO	5	TCGA-MP-A4T9-01	LUAD	LUAD	0.17738445479998016	centroids.dist	inner_cv_tuned_keepX
DIABLO multiblock sPLS-DA	block.splsda	DIABLO	5	TCGA-MP-A4TI-01	LUAD	LUAD	0.2943642230598368	centroids.dist	inner_cv_tuned_keepX
DIABLO multiblock sPLS-DA	block.splsda	DIABLO	5	TCGA-MP-A4TJ-01	LUAD	LUAD	0.22993220487252725	centroids.dist	inner_cv_tuned_keepX
DIABLO multiblock sPLS-DA	block.splsda	DIABLO	5	TCGA-MP-A5C7-01	LUAD	LUAD	-0.05210183026478016	centroids.dist	inner_cv_tuned_keepX
DIABLO multiblock sPLS-DA	block.splsda	DIABLO	5	TCGA-NJ-A4YF-01	LUAD	LUAD	0.012684310239825802	centroids.dist	inner_cv_tuned_keepX
DIABLO multiblock sPLS-DA	block.splsda	DIABLO	5	TCGA-18-5592-01	LUSC	LUSC	1.354731852386086	centroids.dist	inner_cv_tuned_keepX
DIABLO multiblock sPLS-DA	block.splsda	DIABLO	5	TCGA-22-5480-01	LUSC	LUSC	1.1489389410891586	centroids.dist	inner_cv_tuned_keepX
DIABLO multiblock sPLS-DA	block.splsda	DIABLO	5	TCGA-22-5482-01	LUSC	LUSC	1.127924968401397	centroids.dist	inner_cv_tuned_keepX
DIABLO multiblock sPLS-DA	block.splsda	DIABLO	5	TCGA-22-A5C4-01	LUSC	LUSC	0.9840026250570508	centroids.dist	inner_cv_tuned_keepX
DIABLO multiblock sPLS-DA	block.splsda	DIABLO	5	TCGA-33-A4WN-01	LUSC	LUSC	0.8306901876579476	centroids.dist	inner_cv_tuned_keepX
DIABLO multiblock sPLS-DA	block.splsda	DIABLO	5	TCGA-34-5231-01	LUSC	LUSC	1.0479127315966155	centroids.dist	inner_cv_tuned_keepX
DIABLO multiblock sPLS-DA	block.splsda	DIABLO	5	TCGA-37-5819-01	LUSC	LUAD	-0.00979631339530701	centroids.dist	inner_cv_tuned_keepX
DIABLO multiblock sPLS-DA	block.splsda	DIABLO	5	TCGA-39-5027-01	LUSC	LUSC	1.093194825931548	centroids.dist	inner_cv_tuned_keepX
DIABLO multiblock sPLS-DA	block.splsda	DIABLO	5	TCGA-39-5031-01	LUSC	LUSC	0.9976104602621572	centroids.dist	inner_cv_tuned_keepX
DIABLO multiblock sPLS-DA	block.splsda	DIABLO	5	TCGA-39-5035-01	LUSC	LUSC	0.8744052449847758	centroids.dist	inner_cv_tuned_keepX
DIABLO multiblock sPLS-DA	block.splsda	DIABLO	5	TCGA-43-6143-01	LUSC	LUSC	1.088181010275925	centroids.dist	inner_cv_tuned_keepX
DIABLO multiblock sPLS-DA	block.splsda	DIABLO	5	TCGA-43-7658-01	LUSC	LUAD	0.7264385202018511	centroids.dist	inner_cv_tuned_keepX
DIABLO multiblock sPLS-DA	block.splsda	DIABLO	5	TCGA-46-6025-01	LUSC	LUSC	1.1114719343130108	centroids.dist	inner_cv_tuned_keepX
DIABLO multiblock sPLS-DA	block.splsda	DIABLO	5	TCGA-56-5897-01	LUSC	LUSC	0.821871465383238	centroids.dist	inner_cv_tuned_keepX
DIABLO multiblock sPLS-DA	block.splsda	DIABLO	5	TCGA-56-8309-01	LUSC	LUSC	0.654359431978853	centroids.dist	inner_cv_tuned_keepX
DIABLO multiblock sPLS-DA	block.splsda	DIABLO	5	TCGA-58-8386-01	LUSC	LUSC	0.8438177348118997	centroids.dist	inner_cv_tuned_keepX
DIABLO multiblock sPLS-DA	block.splsda	DIABLO	5	TCGA-58-8391-01	LUSC	LUSC	1.0840656461409788	centroids.dist	inner_cv_tuned_keepX
DIABLO multiblock sPLS-DA	block.splsda	DIABLO	5	TCGA-58-A46L-01	LUSC	LUSC	1.0550592412167412	centroids.dist	inner_cv_tuned_keepX
DIABLO multiblock sPLS-DA	block.splsda	DIABLO	5	TCGA-58-A46M-01	LUSC	LUSC	1.15206659692802	centroids.dist	inner_cv_tuned_keepX
DIABLO multiblock sPLS-DA	block.splsda	DIABLO	5	TCGA-60-2703-01	LUSC	LUSC	0.6552161623453017	centroids.dist	inner_cv_tuned_keepX
DIABLO multiblock sPLS-DA	block.splsda	DIABLO	5	TCGA-60-2704-01	LUSC	LUSC	0.7631528035078197	centroids.dist	inner_cv_tuned_keepX
DIABLO multiblock sPLS-DA	block.splsda	DIABLO	5	TCGA-63-5131-01	LUSC	LUSC	0.9873112089248005	centroids.dist	inner_cv_tuned_keepX
DIABLO multiblock sPLS-DA	block.splsda	DIABLO	5	TCGA-63-A5ML-01	LUSC	LUSC	1.1401687105756573	centroids.dist	inner_cv_tuned_keepX
DIABLO multiblock sPLS-DA	block.splsda	DIABLO	5	TCGA-63-A5MM-01	LUSC	LUAD	0.5507636027349634	centroids.dist	inner_cv_tuned_keepX
DIABLO multiblock sPLS-DA	block.splsda	DIABLO	5	TCGA-63-A5MN-01	LUSC	LUAD	0.21576159108614368	centroids.dist	inner_cv_tuned_keepX
DIABLO multiblock sPLS-DA	block.splsda	DIABLO	5	TCGA-68-7756-01	LUSC	LUSC	0.8087533186795361	centroids.dist	inner_cv_tuned_keepX
DIABLO multiblock sPLS-DA	block.splsda	DIABLO	5	TCGA-68-7757-01	LUSC	LUSC	0.783610310299106	centroids.dist	inner_cv_tuned_keepX
DIABLO multiblock sPLS-DA	block.splsda	DIABLO	5	TCGA-77-6842-01	LUSC	LUSC	0.7733724046701553	centroids.dist	inner_cv_tuned_keepX
DIABLO multiblock sPLS-DA	block.splsda	DIABLO	5	TCGA-77-7139-01	LUSC	LUSC	1.0406084963821305	centroids.dist	inner_cv_tuned_keepX
DIABLO multiblock sPLS-DA	block.splsda	DIABLO	5	TCGA-77-7335-01	LUSC	LUSC	0.9519143339488142	centroids.dist	inner_cv_tuned_keepX
DIABLO multiblock sPLS-DA	block.splsda	DIABLO	5	TCGA-77-8154-01	LUSC	LUSC	1.037577862413801	centroids.dist	inner_cv_tuned_keepX
DIABLO multiblock sPLS-DA	block.splsda	DIABLO	5	TCGA-77-A5FZ-01	LUSC	LUAD	0.28827778002514776	centroids.dist	inner_cv_tuned_keepX
DIABLO multiblock sPLS-DA	block.splsda	DIABLO	5	TCGA-77-A5GF-01	LUSC	LUSC	1.0202510923902075	centroids.dist	inner_cv_tuned_keepX
DIABLO multiblock sPLS-DA	block.splsda	DIABLO	5	TCGA-85-6175-01	LUSC	LUSC	0.7049680534098465	centroids.dist	inner_cv_tuned_keepX
DIABLO multiblock sPLS-DA	block.splsda	DIABLO	5	TCGA-85-8276-01	LUSC	LUSC	0.7648131167639063	centroids.dist	inner_cv_tuned_keepX
DIABLO multiblock sPLS-DA	block.splsda	DIABLO	5	TCGA-85-8287-01	LUSC	LUSC	0.7804804201847502	centroids.dist	inner_cv_tuned_keepX
DIABLO multiblock sPLS-DA	block.splsda	DIABLO	5	TCGA-85-8353-01	LUSC	LUSC	0.8667794663131535	centroids.dist	inner_cv_tuned_keepX
DIABLO multiblock sPLS-DA	block.splsda	DIABLO	5	TCGA-85-8664-01	LUSC	LUSC	1.023855838527882	centroids.dist	inner_cv_tuned_keepX
DIABLO multiblock sPLS-DA	block.splsda	DIABLO	5	TCGA-85-A4QQ-01	LUSC	LUSC	1.0560815095523393	centroids.dist	inner_cv_tuned_keepX
DIABLO multiblock sPLS-DA	block.splsda	DIABLO	5	TCGA-85-A511-01	LUSC	LUSC	0.8259331453744638	centroids.dist	inner_cv_tuned_keepX
DIABLO multiblock sPLS-DA	block.splsda	DIABLO	5	TCGA-85-A5B5-01	LUSC	LUSC	1.2457328241484589	centroids.dist	inner_cv_tuned_keepX
DIABLO multiblock sPLS-DA	block.splsda	DIABLO	5	TCGA-90-7769-01	LUSC	LUSC	1.1187330890667058	centroids.dist	inner_cv_tuned_keepX
DIABLO multiblock sPLS-DA	block.splsda	DIABLO	5	TCGA-94-7557-01	LUSC	LUSC	0.7818402647468966	centroids.dist	inner_cv_tuned_keepX
DIABLO multiblock sPLS-DA	block.splsda	DIABLO	5	TCGA-94-8490-01	LUSC	LUSC	1.2951633558108462	centroids.dist	inner_cv_tuned_keepX
DIABLO multiblock sPLS-DA	block.splsda	DIABLO	5	TCGA-98-A53A-01	LUSC	LUSC	1.1342666539115223	centroids.dist	inner_cv_tuned_keepX
DIABLO multiblock sPLS-DA	block.splsda	DIABLO	5	TCGA-NC-A5HD-01	LUSC	LUSC	0.8319552131536108	centroids.dist	inner_cv_tuned_keepX
DIABLO multiblock sPLS-DA	block.splsda	DIABLO	5	TCGA-NC-A5HI-01	LUSC	LUSC	0.9289685118883441	centroids.dist	inner_cv_tuned_keepX
DIABLO multiblock sPLS-DA	block.splsda	DIABLO	5	TCGA-NC-A5HL-01	LUSC	LUSC	0.8329413067556628	centroids.dist	inner_cv_tuned_keepX
DIABLO multiblock sPLS-DA	block.splsda	DIABLO	5	TCGA-NC-A5HM-01	LUSC	LUSC	0.9389702076921334	centroids.dist	inner_cv_tuned_keepX
DIABLO multiblock sPLS-DA	block.splsda	DIABLO	5	TCGA-NC-A5HN-01	LUSC	LUSC	1.1845905876007599	centroids.dist	inner_cv_tuned_keepX
