fused_feature	coefficient	layer	original_feature	abs_coefficient	fold	model_label	model	integration
mRNA__IRF6	0.24794637368357217	mRNA	IRF6	0.24794637368357217	1	Early fusion + Elastic Net	Elastic Net	Early fusion
METH__PREX1.11	-0.21908064167783525	DNA methylation	PREX1.11	0.21908064167783525	1	Early fusion + Elastic Net	Elastic Net	Early fusion
METH__TPM3;NUP210L	0.1805969954179685	DNA methylation	TPM3;NUP210L	0.1805969954179685	1	Early fusion + Elastic Net	Elastic Net	Early fusion
METH__HOXA3.19	0.16779244108754093	DNA methylation	HOXA3.19	0.16779244108754093	1	Early fusion + Elastic Net	Elastic Net	Early fusion
METH__ZNF750;TBCD.17	-0.1593926090730552	DNA methylation	ZNF750;TBCD.17	0.1593926090730552	1	Early fusion + Elastic Net	Elastic Net	Early fusion
mRNA__RBM47	-0.14888547773195612	mRNA	RBM47	0.14888547773195612	1	Early fusion + Elastic Net	Elastic Net	Early fusion
METH__ANK1.68	-0.1282177791512476	DNA methylation	ANK1.68	0.1282177791512476	1	Early fusion + Elastic Net	Elastic Net	Early fusion
METH__ITPRIP.20	-0.11753477046799807	DNA methylation	ITPRIP.20	0.11753477046799807	1	Early fusion + Elastic Net	Elastic Net	Early fusion
METH__PPYR1	-0.11491224769043666	DNA methylation	PPYR1	0.11491224769043666	1	Early fusion + Elastic Net	Elastic Net	Early fusion
mRNA__LIMK2	0.11105924400433922	mRNA	LIMK2	0.11105924400433922	1	Early fusion + Elastic Net	Elastic Net	Early fusion
METH__feature_211190	0.11077074525841929	DNA methylation	feature_211190	0.11077074525841929	1	Early fusion + Elastic Net	Elastic Net	Early fusion
METH__ITPRIP.13	-0.10310527169901057	DNA methylation	ITPRIP.13	0.10310527169901057	1	Early fusion + Elastic Net	Elastic Net	Early fusion
METH__feature_4000	-0.09969972685622402	DNA methylation	feature_4000	0.09969972685622402	1	Early fusion + Elastic Net	Elastic Net	Early fusion
METH__EBF3.143	-0.09893218729314893	DNA methylation	EBF3.143	0.09893218729314893	1	Early fusion + Elastic Net	Elastic Net	Early fusion
mRNA__SAE1	0.09357780646074954	mRNA	SAE1	0.09357780646074954	1	Early fusion + Elastic Net	Elastic Net	Early fusion
METH__SLC22A20.9	-0.0906559975067392	DNA methylation	SLC22A20.9	0.0906559975067392	1	Early fusion + Elastic Net	Elastic Net	Early fusion
METH__CPAMD8.14	-0.08905847964037943	DNA methylation	CPAMD8.14	0.08905847964037943	1	Early fusion + Elastic Net	Elastic Net	Early fusion
METH__feature_101660	0.07625908296490158	DNA methylation	feature_101660	0.07625908296490158	1	Early fusion + Elastic Net	Elastic Net	Early fusion
METH__TP73.68	-0.07212892925472723	DNA methylation	TP73.68	0.07212892925472723	1	Early fusion + Elastic Net	Elastic Net	Early fusion
mRNA__RANGAP1	0.07124246830674977	mRNA	RANGAP1	0.07124246830674977	1	Early fusion + Elastic Net	Elastic Net	Early fusion
METH__feature_67285	-0.06948052431811293	DNA methylation	feature_67285	0.06948052431811293	1	Early fusion + Elastic Net	Elastic Net	Early fusion
mRNA__PRMT1	0.0659638431800222	mRNA	PRMT1	0.0659638431800222	1	Early fusion + Elastic Net	Elastic Net	Early fusion
mRNA__MT1X	0.06572409845904227	mRNA	MT1X	0.06572409845904227	1	Early fusion + Elastic Net	Elastic Net	Early fusion
METH__PAK1.6	-0.06287348096682453	DNA methylation	PAK1.6	0.06287348096682453	1	Early fusion + Elastic Net	Elastic Net	Early fusion
mRNA__PVRL1	0.05906441640676874	mRNA	PVRL1	0.05906441640676874	1	Early fusion + Elastic Net	Elastic Net	Early fusion
METH__MIR205HG.2	-0.0587319521423494	DNA methylation	MIR205HG.2	0.0587319521423494	1	Early fusion + Elastic Net	Elastic Net	Early fusion
METH__TMED6.6	0.057715719932799996	DNA methylation	TMED6.6	0.057715719932799996	1	Early fusion + Elastic Net	Elastic Net	Early fusion
METH__EXT1.37	0.05656471166195698	DNA methylation	EXT1.37	0.05656471166195698	1	Early fusion + Elastic Net	Elastic Net	Early fusion
METH__TP73.88	-0.055542693655366564	DNA methylation	TP73.88	0.055542693655366564	1	Early fusion + Elastic Net	Elastic Net	Early fusion
METH__FOXK1.120	0.0553966187948836	DNA methylation	FOXK1.120	0.0553966187948836	1	Early fusion + Elastic Net	Elastic Net	Early fusion
METH__feature_257669	-0.05415846826187275	DNA methylation	feature_257669	0.05415846826187275	1	Early fusion + Elastic Net	Elastic Net	Early fusion
METH__DSC3.13	-0.049814858933585726	DNA methylation	DSC3.13	0.049814858933585726	1	Early fusion + Elastic Net	Elastic Net	Early fusion
METH__MIR205HG;MIR205.1	-0.049794073014317916	DNA methylation	MIR205HG;MIR205.1	0.049794073014317916	1	Early fusion + Elastic Net	Elastic Net	Early fusion
METH__GALNT2.41	0.047490454226629716	DNA methylation	GALNT2.41	0.047490454226629716	1	Early fusion + Elastic Net	Elastic Net	Early fusion
METH__DNM3.5	-0.04483046678442084	DNA methylation	DNM3.5	0.04483046678442084	1	Early fusion + Elastic Net	Elastic Net	Early fusion
mRNA__AP2M1	0.04310538948396212	mRNA	AP2M1	0.04310538948396212	1	Early fusion + Elastic Net	Elastic Net	Early fusion
mRNA__KRT6A	0.04310396987466343	mRNA	KRT6A	0.04310396987466343	1	Early fusion + Elastic Net	Elastic Net	Early fusion
METH__ACTN2.12	-0.041978302245102836	DNA methylation	ACTN2.12	0.041978302245102836	1	Early fusion + Elastic Net	Elastic Net	Early fusion
mRNA__TMC5	-0.0412206401299967	mRNA	TMC5	0.0412206401299967	1	Early fusion + Elastic Net	Elastic Net	Early fusion
METH__CUGBP2.12	-0.038905212776663596	DNA methylation	CUGBP2.12	0.038905212776663596	1	Early fusion + Elastic Net	Elastic Net	Early fusion
METH__MEIS1.23	-0.03878607593321944	DNA methylation	MEIS1.23	0.03878607593321944	1	Early fusion + Elastic Net	Elastic Net	Early fusion
mRNA__DKC1	0.0382880505131668	mRNA	DKC1	0.0382880505131668	1	Early fusion + Elastic Net	Elastic Net	Early fusion
mRNA__LMO7	-0.03823883271829522	mRNA	LMO7	0.03823883271829522	1	Early fusion + Elastic Net	Elastic Net	Early fusion
RPPA__GSK3A GSK3B|GSK3-alpha-beta	0.03782826369129791	RPPA	GSK3A GSK3B|GSK3-alpha-beta	0.03782826369129791	1	Early fusion + Elastic Net	Elastic Net	Early fusion
METH__feature_75409	0.0368390750487087	DNA methylation	feature_75409	0.0368390750487087	1	Early fusion + Elastic Net	Elastic Net	Early fusion
METH__SOSTDC1.1	-0.0357659317432049	DNA methylation	SOSTDC1.1	0.0357659317432049	1	Early fusion + Elastic Net	Elastic Net	Early fusion
METH__DEAF1.18	0.032414721301199496	DNA methylation	DEAF1.18	0.032414721301199496	1	Early fusion + Elastic Net	Elastic Net	Early fusion
METH__CUGBP2.39	-0.03162781190408927	DNA methylation	CUGBP2.39	0.03162781190408927	1	Early fusion + Elastic Net	Elastic Net	Early fusion
METH__C1orf43;CFAP141	0.03140918648968878	DNA methylation	C1orf43;CFAP141	0.03140918648968878	1	Early fusion + Elastic Net	Elastic Net	Early fusion
METH__feature_182338	0.031229827005389087	DNA methylation	feature_182338	0.031229827005389087	1	Early fusion + Elastic Net	Elastic Net	Early fusion
METH__GLI3.64	-0.030087258873767182	DNA methylation	GLI3.64	0.030087258873767182	1	Early fusion + Elastic Net	Elastic Net	Early fusion
METH__feature_270230	-0.02978044431090253	DNA methylation	feature_270230	0.02978044431090253	1	Early fusion + Elastic Net	Elastic Net	Early fusion
METH__feature_54795	-0.02864290046628255	DNA methylation	feature_54795	0.02864290046628255	1	Early fusion + Elastic Net	Elastic Net	Early fusion
METH__FARP1.51	0.028609866090745176	DNA methylation	FARP1.51	0.028609866090745176	1	Early fusion + Elastic Net	Elastic Net	Early fusion
mRNA__CELSR2	0.027821141176432192	mRNA	CELSR2	0.027821141176432192	1	Early fusion + Elastic Net	Elastic Net	Early fusion
METH__SERPIND1;PI4KA.1	0.027296425166737047	DNA methylation	SERPIND1;PI4KA.1	0.027296425166737047	1	Early fusion + Elastic Net	Elastic Net	Early fusion
METH__MEIS1.42	-0.026880472698471453	DNA methylation	MEIS1.42	0.026880472698471453	1	Early fusion + Elastic Net	Elastic Net	Early fusion
METH__IRS1.3	0.026111258480776445	DNA methylation	IRS1.3	0.026111258480776445	1	Early fusion + Elastic Net	Elastic Net	Early fusion
mRNA__PCBP1	0.024487001363354265	mRNA	PCBP1	0.024487001363354265	1	Early fusion + Elastic Net	Elastic Net	Early fusion
mRNA__TSPAN13	-0.023612241008365766	mRNA	TSPAN13	0.023612241008365766	1	Early fusion + Elastic Net	Elastic Net	Early fusion
METH__LOC100132215.4	-0.022623112718889667	DNA methylation	LOC100132215.4	0.022623112718889667	1	Early fusion + Elastic Net	Elastic Net	Early fusion
METH__RIMS2.23	-0.019923518571371833	DNA methylation	RIMS2.23	0.019923518571371833	1	Early fusion + Elastic Net	Elastic Net	Early fusion
METH__ACTN2.9	-0.018620889762838783	DNA methylation	ACTN2.9	0.018620889762838783	1	Early fusion + Elastic Net	Elastic Net	Early fusion
mRNA__CD2AP	-0.017298293095658335	mRNA	CD2AP	0.017298293095658335	1	Early fusion + Elastic Net	Elastic Net	Early fusion
METH__feature_390353	-0.016810491339013738	DNA methylation	feature_390353	0.016810491339013738	1	Early fusion + Elastic Net	Elastic Net	Early fusion
mRNA__DSG3	0.013760742725538894	mRNA	DSG3	0.013760742725538894	1	Early fusion + Elastic Net	Elastic Net	Early fusion
METH__feature_202932	-0.013419153052304606	DNA methylation	feature_202932	0.013419153052304606	1	Early fusion + Elastic Net	Elastic Net	Early fusion
mRNA__MCM2	0.012409349001416489	mRNA	MCM2	0.012409349001416489	1	Early fusion + Elastic Net	Elastic Net	Early fusion
METH__TMED6.5	0.009550329711899763	DNA methylation	TMED6.5	0.009550329711899763	1	Early fusion + Elastic Net	Elastic Net	Early fusion
mRNA__GOLM1	-0.009213565569368282	mRNA	GOLM1	0.009213565569368282	1	Early fusion + Elastic Net	Elastic Net	Early fusion
METH__FOXK1.53	0.007946541707632824	DNA methylation	FOXK1.53	0.007946541707632824	1	Early fusion + Elastic Net	Elastic Net	Early fusion
METH__GCET2.6	-0.007477085986009574	DNA methylation	GCET2.6	0.007477085986009574	1	Early fusion + Elastic Net	Elastic Net	Early fusion
RPPA__MYH9|Myosin-IIa-pS1943	0.007290888363526007	RPPA	MYH9|Myosin-IIa-pS1943	0.007290888363526007	1	Early fusion + Elastic Net	Elastic Net	Early fusion
mRNA__TMEM106B	-0.005831174926501448	mRNA	TMEM106B	0.005831174926501448	1	Early fusion + Elastic Net	Elastic Net	Early fusion
mRNA__UNC93B1	-0.0052934389411509785	mRNA	UNC93B1	0.0052934389411509785	1	Early fusion + Elastic Net	Elastic Net	Early fusion
METH__ZNF750;TBCD.27	-0.005009858224931681	DNA methylation	ZNF750;TBCD.27	0.005009858224931681	1	Early fusion + Elastic Net	Elastic Net	Early fusion
METH__HOXC5;HOXC4;HOXC6.30	-0.0049989692156620445	DNA methylation	HOXC5;HOXC4;HOXC6.30	0.0049989692156620445	1	Early fusion + Elastic Net	Elastic Net	Early fusion
mRNA__TUBA1C	0.0047855818153339814	mRNA	TUBA1C	0.0047855818153339814	1	Early fusion + Elastic Net	Elastic Net	Early fusion
mRNA__TH1L	0.004747132014206221	mRNA	TH1L	0.004747132014206221	1	Early fusion + Elastic Net	Elastic Net	Early fusion
METH__ACAP2	-0.0038156904153935577	DNA methylation	ACAP2	0.0038156904153935577	1	Early fusion + Elastic Net	Elastic Net	Early fusion
mRNA__ERBB3	-0.0033722935141047503	mRNA	ERBB3	0.0033722935141047503	1	Early fusion + Elastic Net	Elastic Net	Early fusion
mRNA__HS6ST1	0.002720626060957613	mRNA	HS6ST1	0.002720626060957613	1	Early fusion + Elastic Net	Elastic Net	Early fusion
METH__MAST4.50	-0.0021363064295791562	DNA methylation	MAST4.50	0.0021363064295791562	1	Early fusion + Elastic Net	Elastic Net	Early fusion
mRNA__PRPF19	0.0019830447995517046	mRNA	PRPF19	0.0019830447995517046	1	Early fusion + Elastic Net	Elastic Net	Early fusion
METH__FOXK1.49	0.0019290194526060448	DNA methylation	FOXK1.49	0.0019290194526060448	1	Early fusion + Elastic Net	Elastic Net	Early fusion
METH__CPLX2.38	-0.001848172420830649	DNA methylation	CPLX2.38	0.001848172420830649	1	Early fusion + Elastic Net	Elastic Net	Early fusion
METH__ZDHHC1.9	0.001332330053265705	DNA methylation	ZDHHC1.9	0.001332330053265705	1	Early fusion + Elastic Net	Elastic Net	Early fusion
mRNA__IRF6	0.3416590611219097	mRNA	IRF6	0.3416590611219097	2	Early fusion + Elastic Net	Elastic Net	Early fusion
METH__HOXA3.19	0.30289121831284116	DNA methylation	HOXA3.19	0.30289121831284116	2	Early fusion + Elastic Net	Elastic Net	Early fusion
METH__PREX1.11	-0.2726580908062086	DNA methylation	PREX1.11	0.2726580908062086	2	Early fusion + Elastic Net	Elastic Net	Early fusion
METH__SLC22A20.9	-0.2415770634964897	DNA methylation	SLC22A20.9	0.2415770634964897	2	Early fusion + Elastic Net	Elastic Net	Early fusion
mRNA__LIMK2	0.20240822686839705	mRNA	LIMK2	0.20240822686839705	2	Early fusion + Elastic Net	Elastic Net	Early fusion
RPPA__MYH9|Myosin-IIa-pS1943	0.2013396512573936	RPPA	MYH9|Myosin-IIa-pS1943	0.2013396512573936	2	Early fusion + Elastic Net	Elastic Net	Early fusion
METH__feature_353941	0.19377611004584105	DNA methylation	feature_353941	0.19377611004584105	2	Early fusion + Elastic Net	Elastic Net	Early fusion
METH__feature_396065	0.18369232705943286	DNA methylation	feature_396065	0.18369232705943286	2	Early fusion + Elastic Net	Elastic Net	Early fusion
METH__LTBP4.41	-0.17674909248846082	DNA methylation	LTBP4.41	0.17674909248846082	2	Early fusion + Elastic Net	Elastic Net	Early fusion
mRNA__SAE1	0.17387501930747362	mRNA	SAE1	0.17387501930747362	2	Early fusion + Elastic Net	Elastic Net	Early fusion
METH__feature_4000	-0.1714057860308633	DNA methylation	feature_4000	0.1714057860308633	2	Early fusion + Elastic Net	Elastic Net	Early fusion
METH__TRPC5.1	0.17049188862754067	DNA methylation	TRPC5.1	0.17049188862754067	2	Early fusion + Elastic Net	Elastic Net	Early fusion
mRNA__MUC16	-0.1700953133881093	mRNA	MUC16	0.1700953133881093	2	Early fusion + Elastic Net	Elastic Net	Early fusion
mRNA__MDH2	0.16675373482313405	mRNA	MDH2	0.16675373482313405	2	Early fusion + Elastic Net	Elastic Net	Early fusion
mRNA__MT1X	0.16503596368658754	mRNA	MT1X	0.16503596368658754	2	Early fusion + Elastic Net	Elastic Net	Early fusion
METH__SH3PXD2A.26	-0.15562197516824708	DNA methylation	SH3PXD2A.26	0.15562197516824708	2	Early fusion + Elastic Net	Elastic Net	Early fusion
mRNA__EIF4A3	0.14412123151731362	mRNA	EIF4A3	0.14412123151731362	2	Early fusion + Elastic Net	Elastic Net	Early fusion
METH__ADARB2.113	0.14278706273188554	DNA methylation	ADARB2.113	0.14278706273188554	2	Early fusion + Elastic Net	Elastic Net	Early fusion
METH__feature_54795	-0.1369407887793858	DNA methylation	feature_54795	0.1369407887793858	2	Early fusion + Elastic Net	Elastic Net	Early fusion
mRNA__RBM47	-0.1342437731014102	mRNA	RBM47	0.1342437731014102	2	Early fusion + Elastic Net	Elastic Net	Early fusion
METH__feature_101660	0.13411892009771087	DNA methylation	feature_101660	0.13411892009771087	2	Early fusion + Elastic Net	Elastic Net	Early fusion
mRNA__CXCR4	0.13317235904120722	mRNA	CXCR4	0.13317235904120722	2	Early fusion + Elastic Net	Elastic Net	Early fusion
mRNA__ALPK3	-0.13233543799423478	mRNA	ALPK3	0.13233543799423478	2	Early fusion + Elastic Net	Elastic Net	Early fusion
METH__feature_86099	0.12476200761292094	DNA methylation	feature_86099	0.12476200761292094	2	Early fusion + Elastic Net	Elastic Net	Early fusion
METH__feature_77790	0.12167613640948484	DNA methylation	feature_77790	0.12167613640948484	2	Early fusion + Elastic Net	Elastic Net	Early fusion
METH__ZIC1.41	-0.12155602144922305	DNA methylation	ZIC1.41	0.12155602144922305	2	Early fusion + Elastic Net	Elastic Net	Early fusion
mRNA__FABP7	-0.11922073796772512	mRNA	FABP7	0.11922073796772512	2	Early fusion + Elastic Net	Elastic Net	Early fusion
RPPA__GSK3A GSK3B|GSK3-alpha-beta	0.11840924754460586	RPPA	GSK3A GSK3B|GSK3-alpha-beta	0.11840924754460586	2	Early fusion + Elastic Net	Elastic Net	Early fusion
METH__SFRS1.6	-0.11639624742234135	DNA methylation	SFRS1.6	0.11639624742234135	2	Early fusion + Elastic Net	Elastic Net	Early fusion
METH__feature_133349	-0.11512514075936112	DNA methylation	feature_133349	0.11512514075936112	2	Early fusion + Elastic Net	Elastic Net	Early fusion
mRNA__ADAM6	0.11091287415662485	mRNA	ADAM6	0.11091287415662485	2	Early fusion + Elastic Net	Elastic Net	Early fusion
mRNA__SF3A1	0.11043910986066492	mRNA	SF3A1	0.11043910986066492	2	Early fusion + Elastic Net	Elastic Net	Early fusion
RPPA__MS4A1|CD20	-0.10838662834525047	RPPA	MS4A1|CD20	0.10838662834525047	2	Early fusion + Elastic Net	Elastic Net	Early fusion
mRNA__CD2AP	-0.10633058240870231	mRNA	CD2AP	0.10633058240870231	2	Early fusion + Elastic Net	Elastic Net	Early fusion
METH__DIRC3.41	-0.10628039208300996	DNA methylation	DIRC3.41	0.10628039208300996	2	Early fusion + Elastic Net	Elastic Net	Early fusion
METH__feature_267118	0.10364512058156031	DNA methylation	feature_267118	0.10364512058156031	2	Early fusion + Elastic Net	Elastic Net	Early fusion
mRNA__HS6ST1	0.10335053895892993	mRNA	HS6ST1	0.10335053895892993	2	Early fusion + Elastic Net	Elastic Net	Early fusion
METH__feature_59315	0.10213836943982124	DNA methylation	feature_59315	0.10213836943982124	2	Early fusion + Elastic Net	Elastic Net	Early fusion
mRNA__GUSB	-0.10114595631149684	mRNA	GUSB	0.10114595631149684	2	Early fusion + Elastic Net	Elastic Net	Early fusion
mRNA__FOSL2	0.10051201143163054	mRNA	FOSL2	0.10051201143163054	2	Early fusion + Elastic Net	Elastic Net	Early fusion
mRNA__AKT2	0.10016720085657578	mRNA	AKT2	0.10016720085657578	2	Early fusion + Elastic Net	Elastic Net	Early fusion
METH__MYO10.54	0.09860024393232084	DNA methylation	MYO10.54	0.09860024393232084	2	Early fusion + Elastic Net	Elastic Net	Early fusion
mRNA__ELF3	-0.09803534647245704	mRNA	ELF3	0.09803534647245704	2	Early fusion + Elastic Net	Elastic Net	Early fusion
METH__GAL3ST2.12	-0.09697336581829544	DNA methylation	GAL3ST2.12	0.09697336581829544	2	Early fusion + Elastic Net	Elastic Net	Early fusion
METH__SERPIND1;PI4KA.1	0.0960816225750695	DNA methylation	SERPIND1;PI4KA.1	0.0960816225750695	2	Early fusion + Elastic Net	Elastic Net	Early fusion
METH__SH3PXD2A.64	0.09545246655413875	DNA methylation	SH3PXD2A.64	0.09545246655413875	2	Early fusion + Elastic Net	Elastic Net	Early fusion
METH__feature_126223	0.09393929841237651	DNA methylation	feature_126223	0.09393929841237651	2	Early fusion + Elastic Net	Elastic Net	Early fusion
METH__RIMS2.23	-0.09059354927572925	DNA methylation	RIMS2.23	0.09059354927572925	2	Early fusion + Elastic Net	Elastic Net	Early fusion
METH__INPP5A.130	0.0894005115891566	DNA methylation	INPP5A.130	0.0894005115891566	2	Early fusion + Elastic Net	Elastic Net	Early fusion
mRNA__LMO7	-0.08688092358257382	mRNA	LMO7	0.08688092358257382	2	Early fusion + Elastic Net	Elastic Net	Early fusion
mRNA__FADD	0.08599331144537224	mRNA	FADD	0.08599331144537224	2	Early fusion + Elastic Net	Elastic Net	Early fusion
mRNA__CP	-0.08393605415289859	mRNA	CP	0.08393605415289859	2	Early fusion + Elastic Net	Elastic Net	Early fusion
mRNA__TK1	0.08345849012406378	mRNA	TK1	0.08345849012406378	2	Early fusion + Elastic Net	Elastic Net	Early fusion
mRNA__ERBB3	-0.08310605507107639	mRNA	ERBB3	0.08310605507107639	2	Early fusion + Elastic Net	Elastic Net	Early fusion
mRNA__FTH1	0.08237031088548973	mRNA	FTH1	0.08237031088548973	2	Early fusion + Elastic Net	Elastic Net	Early fusion
METH__JRK.4	-0.08169797211239471	DNA methylation	JRK.4	0.08169797211239471	2	Early fusion + Elastic Net	Elastic Net	Early fusion
mRNA__IPO7	-0.08072221563725387	mRNA	IPO7	0.08072221563725387	2	Early fusion + Elastic Net	Elastic Net	Early fusion
mRNA__CLPTM1	0.08001399268546605	mRNA	CLPTM1	0.08001399268546605	2	Early fusion + Elastic Net	Elastic Net	Early fusion
METH__ZNF750;TBCD.17	-0.07985575267938443	DNA methylation	ZNF750;TBCD.17	0.07985575267938443	2	Early fusion + Elastic Net	Elastic Net	Early fusion
mRNA__PIM1	0.07894070215152582	mRNA	PIM1	0.07894070215152582	2	Early fusion + Elastic Net	Elastic Net	Early fusion
METH__NPY.12	-0.07786470425502742	DNA methylation	NPY.12	0.07786470425502742	2	Early fusion + Elastic Net	Elastic Net	Early fusion
mRNA__CD46	-0.07720966019164603	mRNA	CD46	0.07720966019164603	2	Early fusion + Elastic Net	Elastic Net	Early fusion
mRNA__ADI1	0.075292574941932	mRNA	ADI1	0.075292574941932	2	Early fusion + Elastic Net	Elastic Net	Early fusion
mRNA__PTP4A2	-0.07465420340655088	mRNA	PTP4A2	0.07465420340655088	2	Early fusion + Elastic Net	Elastic Net	Early fusion
METH__feature_111784	0.07326247720688817	DNA methylation	feature_111784	0.07326247720688817	2	Early fusion + Elastic Net	Elastic Net	Early fusion
mRNA__UNC93B1	-0.07300696795148366	mRNA	UNC93B1	0.07300696795148366	2	Early fusion + Elastic Net	Elastic Net	Early fusion
METH__HOXA1.10	-0.07258329072901623	DNA methylation	HOXA1.10	0.07258329072901623	2	Early fusion + Elastic Net	Elastic Net	Early fusion
METH__KCNH4.11	-0.07072706966443361	DNA methylation	KCNH4.11	0.07072706966443361	2	Early fusion + Elastic Net	Elastic Net	Early fusion
mRNA__S100A2	0.0691301140976128	mRNA	S100A2	0.0691301140976128	2	Early fusion + Elastic Net	Elastic Net	Early fusion
mRNA__PLEKHA6	-0.06789929751772078	mRNA	PLEKHA6	0.06789929751772078	2	Early fusion + Elastic Net	Elastic Net	Early fusion
METH__MAST4.50	-0.06738055194872491	DNA methylation	MAST4.50	0.06738055194872491	2	Early fusion + Elastic Net	Elastic Net	Early fusion
mRNA__PRPF19	0.06603337074453201	mRNA	PRPF19	0.06603337074453201	2	Early fusion + Elastic Net	Elastic Net	Early fusion
mRNA__CRKL	0.06586857472428358	mRNA	CRKL	0.06586857472428358	2	Early fusion + Elastic Net	Elastic Net	Early fusion
mRNA__DCTN1	0.06459663321542515	mRNA	DCTN1	0.06459663321542515	2	Early fusion + Elastic Net	Elastic Net	Early fusion
mRNA__AZGP1	-0.06290128239429163	mRNA	AZGP1	0.06290128239429163	2	Early fusion + Elastic Net	Elastic Net	Early fusion
METH__CD200.2	-0.062261531436993284	DNA methylation	CD200.2	0.062261531436993284	2	Early fusion + Elastic Net	Elastic Net	Early fusion
METH__feature_256846	0.06179340953184494	DNA methylation	feature_256846	0.06179340953184494	2	Early fusion + Elastic Net	Elastic Net	Early fusion
mRNA__NRBP1	0.06056790884829801	mRNA	NRBP1	0.06056790884829801	2	Early fusion + Elastic Net	Elastic Net	Early fusion
mRNA__IGSF3	0.059726120241451866	mRNA	IGSF3	0.059726120241451866	2	Early fusion + Elastic Net	Elastic Net	Early fusion
RPPA__SRC|Src	0.05849331930622957	RPPA	SRC|Src	0.05849331930622957	2	Early fusion + Elastic Net	Elastic Net	Early fusion
METH__PFKP.13	0.056639429922869654	DNA methylation	PFKP.13	0.056639429922869654	2	Early fusion + Elastic Net	Elastic Net	Early fusion
mRNA__DSP	0.05652800501063255	mRNA	DSP	0.05652800501063255	2	Early fusion + Elastic Net	Elastic Net	Early fusion
METH__RGPD8;RGPD5.4	-0.055512973752603174	DNA methylation	RGPD8;RGPD5.4	0.055512973752603174	2	Early fusion + Elastic Net	Elastic Net	Early fusion
METH__NDRG1.17	-0.055365872513207036	DNA methylation	NDRG1.17	0.055365872513207036	2	Early fusion + Elastic Net	Elastic Net	Early fusion
mRNA__TUBA1C	0.05293782660113876	mRNA	TUBA1C	0.05293782660113876	2	Early fusion + Elastic Net	Elastic Net	Early fusion
mRNA__SLC3A2	0.05120951172633903	mRNA	SLC3A2	0.05120951172633903	2	Early fusion + Elastic Net	Elastic Net	Early fusion
mRNA__POM121	0.05056191947435543	mRNA	POM121	0.05056191947435543	2	Early fusion + Elastic Net	Elastic Net	Early fusion
METH__CAMK2B.7	0.04999684682468002	DNA methylation	CAMK2B.7	0.04999684682468002	2	Early fusion + Elastic Net	Elastic Net	Early fusion
mRNA__FLNC	-0.04947784211745614	mRNA	FLNC	0.04947784211745614	2	Early fusion + Elastic Net	Elastic Net	Early fusion
mRNA__NCOR2	-0.04871746742512384	mRNA	NCOR2	0.04871746742512384	2	Early fusion + Elastic Net	Elastic Net	Early fusion
METH__JDP2.1	0.04763740341482354	DNA methylation	JDP2.1	0.04763740341482354	2	Early fusion + Elastic Net	Elastic Net	Early fusion
METH__feature_138624	-0.04735104179369616	DNA methylation	feature_138624	0.04735104179369616	2	Early fusion + Elastic Net	Elastic Net	Early fusion
RPPA__ETS1|ETS-1	-0.04726339048139261	RPPA	ETS1|ETS-1	0.04726339048139261	2	Early fusion + Elastic Net	Elastic Net	Early fusion
METH__TRIP13	-0.047238843050007605	DNA methylation	TRIP13	0.047238843050007605	2	Early fusion + Elastic Net	Elastic Net	Early fusion
mRNA__HNRNPK	0.046384084700121356	mRNA	HNRNPK	0.046384084700121356	2	Early fusion + Elastic Net	Elastic Net	Early fusion
mRNA__C22orf9	0.044974154587461276	mRNA	C22orf9	0.044974154587461276	2	Early fusion + Elastic Net	Elastic Net	Early fusion
METH__ITPRIP.20	-0.04462917893386464	DNA methylation	ITPRIP.20	0.04462917893386464	2	Early fusion + Elastic Net	Elastic Net	Early fusion
mRNA__PSMC4	0.04423293174883038	mRNA	PSMC4	0.04423293174883038	2	Early fusion + Elastic Net	Elastic Net	Early fusion
METH__feature_372670	-0.04386915799203629	DNA methylation	feature_372670	0.04386915799203629	2	Early fusion + Elastic Net	Elastic Net	Early fusion
METH__CCND2.27	-0.04353054225475966	DNA methylation	CCND2.27	0.04353054225475966	2	Early fusion + Elastic Net	Elastic Net	Early fusion
METH__TP73.68	-0.04188779145334061	DNA methylation	TP73.68	0.04188779145334061	2	Early fusion + Elastic Net	Elastic Net	Early fusion
mRNA__HEY1	0.04075791920305936	mRNA	HEY1	0.04075791920305936	2	Early fusion + Elastic Net	Elastic Net	Early fusion
mRNA__MACC1	-0.040069616870473404	mRNA	MACC1	0.040069616870473404	2	Early fusion + Elastic Net	Elastic Net	Early fusion
METH__SNX10.1	0.040057131958400174	DNA methylation	SNX10.1	0.040057131958400174	2	Early fusion + Elastic Net	Elastic Net	Early fusion
METH__feature_254132	0.03986772002102876	DNA methylation	feature_254132	0.03986772002102876	2	Early fusion + Elastic Net	Elastic Net	Early fusion
mRNA__RSL1D1	0.03809413871108961	mRNA	RSL1D1	0.03809413871108961	2	Early fusion + Elastic Net	Elastic Net	Early fusion
METH__VWC2.14	-0.03567571817423287	DNA methylation	VWC2.14	0.03567571817423287	2	Early fusion + Elastic Net	Elastic Net	Early fusion
mRNA__BAG3	0.03506805976094511	mRNA	BAG3	0.03506805976094511	2	Early fusion + Elastic Net	Elastic Net	Early fusion
METH__CYTH2.3	-0.0349057487551742	DNA methylation	CYTH2.3	0.0349057487551742	2	Early fusion + Elastic Net	Elastic Net	Early fusion
METH__RIPK4.4	-0.034876707935716074	DNA methylation	RIPK4.4	0.034876707935716074	2	Early fusion + Elastic Net	Elastic Net	Early fusion
mRNA__PDPN	-0.03481748230733987	mRNA	PDPN	0.03481748230733987	2	Early fusion + Elastic Net	Elastic Net	Early fusion
METH__feature_2710	-0.034462587805769246	DNA methylation	feature_2710	0.034462587805769246	2	Early fusion + Elastic Net	Elastic Net	Early fusion
METH__feature_396051	-0.03412963926988064	DNA methylation	feature_396051	0.03412963926988064	2	Early fusion + Elastic Net	Elastic Net	Early fusion
mRNA__UPK3BL	-0.03312532319277116	mRNA	UPK3BL	0.03312532319277116	2	Early fusion + Elastic Net	Elastic Net	Early fusion
METH__GLI3.64	-0.032513654098899294	DNA methylation	GLI3.64	0.032513654098899294	2	Early fusion + Elastic Net	Elastic Net	Early fusion
mRNA__SCP2	-0.03219691226661512	mRNA	SCP2	0.03219691226661512	2	Early fusion + Elastic Net	Elastic Net	Early fusion
mRNA__ADAMTS1	0.030894442400045467	mRNA	ADAMTS1	0.030894442400045467	2	Early fusion + Elastic Net	Elastic Net	Early fusion
METH__ARSD.19	-0.0302354410892641	DNA methylation	ARSD.19	0.0302354410892641	2	Early fusion + Elastic Net	Elastic Net	Early fusion
mRNA__MYBPC1	-0.029895373224159947	mRNA	MYBPC1	0.029895373224159947	2	Early fusion + Elastic Net	Elastic Net	Early fusion
METH__NADK.9	0.02970055195582194	DNA methylation	NADK.9	0.02970055195582194	2	Early fusion + Elastic Net	Elastic Net	Early fusion
METH__ADARB2.12	0.02909462609482941	DNA methylation	ADARB2.12	0.02909462609482941	2	Early fusion + Elastic Net	Elastic Net	Early fusion
METH__PTGER4.21	-0.028886481215098212	DNA methylation	PTGER4.21	0.028886481215098212	2	Early fusion + Elastic Net	Elastic Net	Early fusion
mRNA__ADM	0.02878091954823514	mRNA	ADM	0.02878091954823514	2	Early fusion + Elastic Net	Elastic Net	Early fusion
mRNA__SMOC2	0.027710849624164688	mRNA	SMOC2	0.027710849624164688	2	Early fusion + Elastic Net	Elastic Net	Early fusion
METH__TP73.88	-0.027674761679988325	DNA methylation	TP73.88	0.027674761679988325	2	Early fusion + Elastic Net	Elastic Net	Early fusion
METH__SOST.9	0.027497266897939684	DNA methylation	SOST.9	0.027497266897939684	2	Early fusion + Elastic Net	Elastic Net	Early fusion
mRNA__KRT6A	0.02706651482679489	mRNA	KRT6A	0.02706651482679489	2	Early fusion + Elastic Net	Elastic Net	Early fusion
METH__feature_221038	0.026695500793088727	DNA methylation	feature_221038	0.026695500793088727	2	Early fusion + Elastic Net	Elastic Net	Early fusion
mRNA__CPD	-0.023813391207455025	mRNA	CPD	0.023813391207455025	2	Early fusion + Elastic Net	Elastic Net	Early fusion
mRNA__GCNT3	-0.023157399864285718	mRNA	GCNT3	0.023157399864285718	2	Early fusion + Elastic Net	Elastic Net	Early fusion
METH__TPM3;NUP210L	0.02279252078201606	DNA methylation	TPM3;NUP210L	0.02279252078201606	2	Early fusion + Elastic Net	Elastic Net	Early fusion
METH__ANK1.68	-0.022523220573621338	DNA methylation	ANK1.68	0.022523220573621338	2	Early fusion + Elastic Net	Elastic Net	Early fusion
METH__AACS.6	0.022386579062052183	DNA methylation	AACS.6	0.022386579062052183	2	Early fusion + Elastic Net	Elastic Net	Early fusion
mRNA__A2ML1	-0.022078225308938226	mRNA	A2ML1	0.022078225308938226	2	Early fusion + Elastic Net	Elastic Net	Early fusion
METH__JRK.14	-0.020233455503183454	DNA methylation	JRK.14	0.020233455503183454	2	Early fusion + Elastic Net	Elastic Net	Early fusion
mRNA__EIF4H	0.019985229198882137	mRNA	EIF4H	0.019985229198882137	2	Early fusion + Elastic Net	Elastic Net	Early fusion
mRNA__KPNA2	0.019959621279030317	mRNA	KPNA2	0.019959621279030317	2	Early fusion + Elastic Net	Elastic Net	Early fusion
mRNA__DDIT4	0.01938621482234707	mRNA	DDIT4	0.01938621482234707	2	Early fusion + Elastic Net	Elastic Net	Early fusion
METH__ZMIZ1.40	-0.019159932409067295	DNA methylation	ZMIZ1.40	0.019159932409067295	2	Early fusion + Elastic Net	Elastic Net	Early fusion
mRNA__GOLGA3	-0.019156256042388783	mRNA	GOLGA3	0.019156256042388783	2	Early fusion + Elastic Net	Elastic Net	Early fusion
METH__HIST1H3F;HIST1H2BH.3	-0.019093372358399564	DNA methylation	HIST1H3F;HIST1H2BH.3	0.019093372358399564	2	Early fusion + Elastic Net	Elastic Net	Early fusion
mRNA__BANF1	0.01875574116363956	mRNA	BANF1	0.01875574116363956	2	Early fusion + Elastic Net	Elastic Net	Early fusion
mRNA__LDHB	-0.017714668538072187	mRNA	LDHB	0.017714668538072187	2	Early fusion + Elastic Net	Elastic Net	Early fusion
mRNA__TMEM109	0.01748149124875751	mRNA	TMEM109	0.01748149124875751	2	Early fusion + Elastic Net	Elastic Net	Early fusion
mRNA__SSRP1	0.017263254356587085	mRNA	SSRP1	0.017263254356587085	2	Early fusion + Elastic Net	Elastic Net	Early fusion
METH__KCNK7.1	-0.017236171615059612	DNA methylation	KCNK7.1	0.017236171615059612	2	Early fusion + Elastic Net	Elastic Net	Early fusion
RPPA__STK11|LKB1	0.017212143380847464	RPPA	STK11|LKB1	0.017212143380847464	2	Early fusion + Elastic Net	Elastic Net	Early fusion
mRNA__CITED2	-0.01697588384627721	mRNA	CITED2	0.01697588384627721	2	Early fusion + Elastic Net	Elastic Net	Early fusion
mRNA__CELSR2	0.016732141201958456	mRNA	CELSR2	0.016732141201958456	2	Early fusion + Elastic Net	Elastic Net	Early fusion
mRNA__PLS1	-0.016032365604529215	mRNA	PLS1	0.016032365604529215	2	Early fusion + Elastic Net	Elastic Net	Early fusion
mRNA__HNRNPUL2	0.015795928950634853	mRNA	HNRNPUL2	0.015795928950634853	2	Early fusion + Elastic Net	Elastic Net	Early fusion
METH__feature_237209	0.01574772770055546	DNA methylation	feature_237209	0.01574772770055546	2	Early fusion + Elastic Net	Elastic Net	Early fusion
METH__ASAP2.49	0.015634270142807685	DNA methylation	ASAP2.49	0.015634270142807685	2	Early fusion + Elastic Net	Elastic Net	Early fusion
METH__SLC17A7.21	0.014122534780827247	DNA methylation	SLC17A7.21	0.014122534780827247	2	Early fusion + Elastic Net	Elastic Net	Early fusion
METH__ZIC1.33	-0.011930306995721129	DNA methylation	ZIC1.33	0.011930306995721129	2	Early fusion + Elastic Net	Elastic Net	Early fusion
mRNA__VANGL2	0.011918783629821341	mRNA	VANGL2	0.011918783629821341	2	Early fusion + Elastic Net	Elastic Net	Early fusion
mRNA__FBL	0.011119610136138257	mRNA	FBL	0.011119610136138257	2	Early fusion + Elastic Net	Elastic Net	Early fusion
METH__feature_352148	0.010529039808033	DNA methylation	feature_352148	0.010529039808033	2	Early fusion + Elastic Net	Elastic Net	Early fusion
METH__PAX9.22	-0.010503839268754178	DNA methylation	PAX9.22	0.010503839268754178	2	Early fusion + Elastic Net	Elastic Net	Early fusion
METH__PRICKLE1.40	0.01026376625161035	DNA methylation	PRICKLE1.40	0.01026376625161035	2	Early fusion + Elastic Net	Elastic Net	Early fusion
METH__HIST1H3E.9	-0.00817366333091517	DNA methylation	HIST1H3E.9	0.00817366333091517	2	Early fusion + Elastic Net	Elastic Net	Early fusion
METH__S100A14.1	0.007928403708928347	DNA methylation	S100A14.1	0.007928403708928347	2	Early fusion + Elastic Net	Elastic Net	Early fusion
mRNA__DSC2	0.007485690700926343	mRNA	DSC2	0.007485690700926343	2	Early fusion + Elastic Net	Elastic Net	Early fusion
METH__feature_302698	0.00722517890466281	DNA methylation	feature_302698	0.00722517890466281	2	Early fusion + Elastic Net	Elastic Net	Early fusion
METH__UTRN.13	-0.006500321558038079	DNA methylation	UTRN.13	0.006500321558038079	2	Early fusion + Elastic Net	Elastic Net	Early fusion
METH__DNM3.5	-0.006409812515868779	DNA methylation	DNM3.5	0.006409812515868779	2	Early fusion + Elastic Net	Elastic Net	Early fusion
mRNA__OPN3	-0.005857248591196149	mRNA	OPN3	0.005857248591196149	2	Early fusion + Elastic Net	Elastic Net	Early fusion
mRNA__AXL	-0.005845911187187754	mRNA	AXL	0.005845911187187754	2	Early fusion + Elastic Net	Elastic Net	Early fusion
RPPA__KIT|c-Kit	-0.004997384662375222	RPPA	KIT|c-Kit	0.004997384662375222	2	Early fusion + Elastic Net	Elastic Net	Early fusion
METH__SLC22A16.1	-0.004733008928674884	DNA methylation	SLC22A16.1	0.004733008928674884	2	Early fusion + Elastic Net	Elastic Net	Early fusion
METH__ITPRIP.13	-0.0044991068700701246	DNA methylation	ITPRIP.13	0.0044991068700701246	2	Early fusion + Elastic Net	Elastic Net	Early fusion
METH__MIR205HG.2	-0.00428995952652778	DNA methylation	MIR205HG.2	0.00428995952652778	2	Early fusion + Elastic Net	Elastic Net	Early fusion
mRNA__SPCS3	-0.0039634782676778715	mRNA	SPCS3	0.0039634782676778715	2	Early fusion + Elastic Net	Elastic Net	Early fusion
mRNA__FAM46A	-0.0035670118996940026	mRNA	FAM46A	0.0035670118996940026	2	Early fusion + Elastic Net	Elastic Net	Early fusion
mRNA__KREMEN2	0.0035254066032137247	mRNA	KREMEN2	0.0035254066032137247	2	Early fusion + Elastic Net	Elastic Net	Early fusion
mRNA__FUCA1	-0.002113724877496571	mRNA	FUCA1	0.002113724877496571	2	Early fusion + Elastic Net	Elastic Net	Early fusion
METH__HIST3H2BB;HIST3H2A.11	-0.0015496072681523445	DNA methylation	HIST3H2BB;HIST3H2A.11	0.0015496072681523445	2	Early fusion + Elastic Net	Elastic Net	Early fusion
mRNA__TMEM106B	-0.0012829320591300545	mRNA	TMEM106B	0.0012829320591300545	2	Early fusion + Elastic Net	Elastic Net	Early fusion
mRNA__PRMT1	0.0012412473181949973	mRNA	PRMT1	0.0012412473181949973	2	Early fusion + Elastic Net	Elastic Net	Early fusion
METH__ANO1.64	0.0011137999774049013	DNA methylation	ANO1.64	0.0011137999774049013	2	Early fusion + Elastic Net	Elastic Net	Early fusion
METH__EBF1.13	-8.208043023229538e-4	DNA methylation	EBF1.13	8.208043023229538e-4	2	Early fusion + Elastic Net	Elastic Net	Early fusion
METH__HOOK2.9	7.100584082568303e-4	DNA methylation	HOOK2.9	7.100584082568303e-4	2	Early fusion + Elastic Net	Elastic Net	Early fusion
mRNA__GOLM1	-5.474317175518828e-4	mRNA	GOLM1	5.474317175518828e-4	2	Early fusion + Elastic Net	Elastic Net	Early fusion
mRNA__HNRNPL	3.09058613895509e-4	mRNA	HNRNPL	3.09058613895509e-4	2	Early fusion + Elastic Net	Elastic Net	Early fusion
METH__PPYR1	-2.455696643941396e-4	DNA methylation	PPYR1	2.455696643941396e-4	2	Early fusion + Elastic Net	Elastic Net	Early fusion
METH__HOXA3.19	0.36464858084545065	DNA methylation	HOXA3.19	0.36464858084545065	3	Early fusion + Elastic Net	Elastic Net	Early fusion
METH__HOXA3.55	0.3089186234595066	DNA methylation	HOXA3.55	0.3089186234595066	3	Early fusion + Elastic Net	Elastic Net	Early fusion
METH__PREX1.11	-0.28468835194583625	DNA methylation	PREX1.11	0.28468835194583625	3	Early fusion + Elastic Net	Elastic Net	Early fusion
RPPA__MYH9|Myosin-IIa-pS1943	0.2148245988895045	RPPA	MYH9|Myosin-IIa-pS1943	0.2148245988895045	3	Early fusion + Elastic Net	Elastic Net	Early fusion
mRNA__IRF6	0.2109713270102516	mRNA	IRF6	0.2109713270102516	3	Early fusion + Elastic Net	Elastic Net	Early fusion
mRNA__SAE1	0.20321105973748718	mRNA	SAE1	0.20321105973748718	3	Early fusion + Elastic Net	Elastic Net	Early fusion
mRNA__FOSL2	0.20061596815165997	mRNA	FOSL2	0.20061596815165997	3	Early fusion + Elastic Net	Elastic Net	Early fusion
METH__SH3PXD2A.26	-0.19404430060194178	DNA methylation	SH3PXD2A.26	0.19404430060194178	3	Early fusion + Elastic Net	Elastic Net	Early fusion
METH__feature_353941	0.1795499804432971	DNA methylation	feature_353941	0.1795499804432971	3	Early fusion + Elastic Net	Elastic Net	Early fusion
mRNA__FADS2	0.1775593957042084	mRNA	FADS2	0.1775593957042084	3	Early fusion + Elastic Net	Elastic Net	Early fusion
METH__RIPK4.4	-0.16869472838668537	DNA methylation	RIPK4.4	0.16869472838668537	3	Early fusion + Elastic Net	Elastic Net	Early fusion
mRNA__ADI1	0.16832830976098453	mRNA	ADI1	0.16832830976098453	3	Early fusion + Elastic Net	Elastic Net	Early fusion
METH__feature_86099	0.16758073151645989	DNA methylation	feature_86099	0.16758073151645989	3	Early fusion + Elastic Net	Elastic Net	Early fusion
METH__SIGIRR.8	-0.15433684316608381	DNA methylation	SIGIRR.8	0.15433684316608381	3	Early fusion + Elastic Net	Elastic Net	Early fusion
METH__SIGIRR.5	-0.15184569183804913	DNA methylation	SIGIRR.5	0.15184569183804913	3	Early fusion + Elastic Net	Elastic Net	Early fusion
METH__ZNF518B.13	-0.1499096480313078	DNA methylation	ZNF518B.13	0.1499096480313078	3	Early fusion + Elastic Net	Elastic Net	Early fusion
METH__CALML3.8	-0.14694265005217025	DNA methylation	CALML3.8	0.14694265005217025	3	Early fusion + Elastic Net	Elastic Net	Early fusion
mRNA__ALPK3	-0.13793843097717756	mRNA	ALPK3	0.13793843097717756	3	Early fusion + Elastic Net	Elastic Net	Early fusion
mRNA__MUC16	-0.1374852822331304	mRNA	MUC16	0.1374852822331304	3	Early fusion + Elastic Net	Elastic Net	Early fusion
METH__CNKSR2.12	-0.13734322338220356	DNA methylation	CNKSR2.12	0.13734322338220356	3	Early fusion + Elastic Net	Elastic Net	Early fusion
METH__feature_4000	-0.13280573943992408	DNA methylation	feature_4000	0.13280573943992408	3	Early fusion + Elastic Net	Elastic Net	Early fusion
mRNA__CD2AP	-0.13012016913839652	mRNA	CD2AP	0.13012016913839652	3	Early fusion + Elastic Net	Elastic Net	Early fusion
METH__SNX10.1	0.1298906085373662	DNA methylation	SNX10.1	0.1298906085373662	3	Early fusion + Elastic Net	Elastic Net	Early fusion
METH__feature_59315	0.12819965147003184	DNA methylation	feature_59315	0.12819965147003184	3	Early fusion + Elastic Net	Elastic Net	Early fusion
mRNA__AKT2	0.1146693129399935	mRNA	AKT2	0.1146693129399935	3	Early fusion + Elastic Net	Elastic Net	Early fusion
mRNA__BAG3	0.1142150684959625	mRNA	BAG3	0.1142150684959625	3	Early fusion + Elastic Net	Elastic Net	Early fusion
mRNA__WARS	0.1120677078102802	mRNA	WARS	0.1120677078102802	3	Early fusion + Elastic Net	Elastic Net	Early fusion
mRNA__PRPF19	0.11008738557029017	mRNA	PRPF19	0.11008738557029017	3	Early fusion + Elastic Net	Elastic Net	Early fusion
METH__feature_32280	-0.10787861268403667	DNA methylation	feature_32280	0.10787861268403667	3	Early fusion + Elastic Net	Elastic Net	Early fusion
METH__ITPRIP.20	-0.10725466621997883	DNA methylation	ITPRIP.20	0.10725466621997883	3	Early fusion + Elastic Net	Elastic Net	Early fusion
mRNA__KRT7	-0.10697638971950582	mRNA	KRT7	0.10697638971950582	3	Early fusion + Elastic Net	Elastic Net	Early fusion
METH__feature_101660	0.10577662185693298	DNA methylation	feature_101660	0.10577662185693298	3	Early fusion + Elastic Net	Elastic Net	Early fusion
mRNA__LMO7	-0.10553962587766651	mRNA	LMO7	0.10553962587766651	3	Early fusion + Elastic Net	Elastic Net	Early fusion
RPPA__GSK3A GSK3B|GSK3-alpha-beta	0.10318565054947368	RPPA	GSK3A GSK3B|GSK3-alpha-beta	0.10318565054947368	3	Early fusion + Elastic Net	Elastic Net	Early fusion
METH__JDP2.1	0.10181051555403452	DNA methylation	JDP2.1	0.10181051555403452	3	Early fusion + Elastic Net	Elastic Net	Early fusion
METH__RIMS2.23	-0.10099871568641892	DNA methylation	RIMS2.23	0.10099871568641892	3	Early fusion + Elastic Net	Elastic Net	Early fusion
METH__PAK1.6	-0.09980786285329626	DNA methylation	PAK1.6	0.09980786285329626	3	Early fusion + Elastic Net	Elastic Net	Early fusion
METH__GLI3.64	-0.09970026008848791	DNA methylation	GLI3.64	0.09970026008848791	3	Early fusion + Elastic Net	Elastic Net	Early fusion
mRNA__UNC93B1	-0.09886438844946768	mRNA	UNC93B1	0.09886438844946768	3	Early fusion + Elastic Net	Elastic Net	Early fusion
mRNA__MDH2	0.09788124522262698	mRNA	MDH2	0.09788124522262698	3	Early fusion + Elastic Net	Elastic Net	Early fusion
METH__ZNF750;TBCD.17	-0.09676647238282568	DNA methylation	ZNF750;TBCD.17	0.09676647238282568	3	Early fusion + Elastic Net	Elastic Net	Early fusion
mRNA__PTTG1IP	-0.09656066583636098	mRNA	PTTG1IP	0.09656066583636098	3	Early fusion + Elastic Net	Elastic Net	Early fusion
RPPA__ANXA1|Annexin-1	0.09609767321154053	RPPA	ANXA1|Annexin-1	0.09609767321154053	3	Early fusion + Elastic Net	Elastic Net	Early fusion
mRNA__TMEM106B	-0.09528842975356128	mRNA	TMEM106B	0.09528842975356128	3	Early fusion + Elastic Net	Elastic Net	Early fusion
METH__feature_54795	-0.09457658287484291	DNA methylation	feature_54795	0.09457658287484291	3	Early fusion + Elastic Net	Elastic Net	Early fusion
mRNA__SMOC2	0.08977116264823223	mRNA	SMOC2	0.08977116264823223	3	Early fusion + Elastic Net	Elastic Net	Early fusion
mRNA__CP	-0.08819947542079642	mRNA	CP	0.08819947542079642	3	Early fusion + Elastic Net	Elastic Net	Early fusion
mRNA__MDM2	0.08661401274218836	mRNA	MDM2	0.08661401274218836	3	Early fusion + Elastic Net	Elastic Net	Early fusion
METH__GPR133.130	-0.08516090511458585	DNA methylation	GPR133.130	0.08516090511458585	3	Early fusion + Elastic Net	Elastic Net	Early fusion
mRNA__HS6ST1	0.08481051575735771	mRNA	HS6ST1	0.08481051575735771	3	Early fusion + Elastic Net	Elastic Net	Early fusion
mRNA__ADAM6	0.08443805415241942	mRNA	ADAM6	0.08443805415241942	3	Early fusion + Elastic Net	Elastic Net	Early fusion
METH__TRPC5.1	0.08353384149371765	DNA methylation	TRPC5.1	0.08353384149371765	3	Early fusion + Elastic Net	Elastic Net	Early fusion
METH__PDGFA.26	0.08247987407635703	DNA methylation	PDGFA.26	0.08247987407635703	3	Early fusion + Elastic Net	Elastic Net	Early fusion
mRNA__NPTN	0.08042995025292898	mRNA	NPTN	0.08042995025292898	3	Early fusion + Elastic Net	Elastic Net	Early fusion
mRNA__MYBPC1	-0.07916486445044313	mRNA	MYBPC1	0.07916486445044313	3	Early fusion + Elastic Net	Elastic Net	Early fusion
mRNA__PTP4A2	-0.07718354696456728	mRNA	PTP4A2	0.07718354696456728	3	Early fusion + Elastic Net	Elastic Net	Early fusion
METH__SLC22A20.9	-0.07612459436778209	DNA methylation	SLC22A20.9	0.07612459436778209	3	Early fusion + Elastic Net	Elastic Net	Early fusion
METH__NDRG1.17	-0.0737301762780453	DNA methylation	NDRG1.17	0.0737301762780453	3	Early fusion + Elastic Net	Elastic Net	Early fusion
METH__LTBP4.41	-0.07191057271726675	DNA methylation	LTBP4.41	0.07191057271726675	3	Early fusion + Elastic Net	Elastic Net	Early fusion
mRNA__GUSB	-0.07135857903961548	mRNA	GUSB	0.07135857903961548	3	Early fusion + Elastic Net	Elastic Net	Early fusion
mRNA__MACC1	-0.07084072256504947	mRNA	MACC1	0.07084072256504947	3	Early fusion + Elastic Net	Elastic Net	Early fusion
mRNA__CPD	-0.06999417882000555	mRNA	CPD	0.06999417882000555	3	Early fusion + Elastic Net	Elastic Net	Early fusion
mRNA__PIM1	0.0698690796684358	mRNA	PIM1	0.0698690796684358	3	Early fusion + Elastic Net	Elastic Net	Early fusion
METH__feature_126223	0.06936818752514584	DNA methylation	feature_126223	0.06936818752514584	3	Early fusion + Elastic Net	Elastic Net	Early fusion
mRNA__AQP1	0.06867107249283375	mRNA	AQP1	0.06867107249283375	3	Early fusion + Elastic Net	Elastic Net	Early fusion
mRNA__SLC3A2	0.06760888003841757	mRNA	SLC3A2	0.06760888003841757	3	Early fusion + Elastic Net	Elastic Net	Early fusion
METH__SEMA6C.9	0.06598612186183042	DNA methylation	SEMA6C.9	0.06598612186183042	3	Early fusion + Elastic Net	Elastic Net	Early fusion
mRNA__GCNT3	-0.06461704081092344	mRNA	GCNT3	0.06461704081092344	3	Early fusion + Elastic Net	Elastic Net	Early fusion
mRNA__LPGAT1	-0.06375812229782839	mRNA	LPGAT1	0.06375812229782839	3	Early fusion + Elastic Net	Elastic Net	Early fusion
mRNA__SLC4A2	-0.06360210404317092	mRNA	SLC4A2	0.06360210404317092	3	Early fusion + Elastic Net	Elastic Net	Early fusion
mRNA__KRT18	-0.06324971337259097	mRNA	KRT18	0.06324971337259097	3	Early fusion + Elastic Net	Elastic Net	Early fusion
mRNA__HMGB2	0.05959219827643885	mRNA	HMGB2	0.05959219827643885	3	Early fusion + Elastic Net	Elastic Net	Early fusion
mRNA__MT1X	0.059282836959987664	mRNA	MT1X	0.059282836959987664	3	Early fusion + Elastic Net	Elastic Net	Early fusion
METH__feature_366262	-0.05832967495703623	DNA methylation	feature_366262	0.05832967495703623	3	Early fusion + Elastic Net	Elastic Net	Early fusion
METH__feature_77790	0.05787108610881637	DNA methylation	feature_77790	0.05787108610881637	3	Early fusion + Elastic Net	Elastic Net	Early fusion
mRNA__MXRA8	-0.05648963997084716	mRNA	MXRA8	0.05648963997084716	3	Early fusion + Elastic Net	Elastic Net	Early fusion
METH__TM4SF19.9	-0.056219880608997096	DNA methylation	TM4SF19.9	0.056219880608997096	3	Early fusion + Elastic Net	Elastic Net	Early fusion
METH__SYT7.10	-0.05529311845922836	DNA methylation	SYT7.10	0.05529311845922836	3	Early fusion + Elastic Net	Elastic Net	Early fusion
METH__SIGIRR.2	-0.054888835308702526	DNA methylation	SIGIRR.2	0.054888835308702526	3	Early fusion + Elastic Net	Elastic Net	Early fusion
METH__PKHD1.10	-0.054271912207912554	DNA methylation	PKHD1.10	0.054271912207912554	3	Early fusion + Elastic Net	Elastic Net	Early fusion
METH__ZMIZ1.40	-0.053814210091721555	DNA methylation	ZMIZ1.40	0.053814210091721555	3	Early fusion + Elastic Net	Elastic Net	Early fusion
mRNA__DCBLD2	-0.05316661216877038	mRNA	DCBLD2	0.05316661216877038	3	Early fusion + Elastic Net	Elastic Net	Early fusion
mRNA__C22orf9	0.05270731057147051	mRNA	C22orf9	0.05270731057147051	3	Early fusion + Elastic Net	Elastic Net	Early fusion
METH__MAST4.50	-0.051541056663556344	DNA methylation	MAST4.50	0.051541056663556344	3	Early fusion + Elastic Net	Elastic Net	Early fusion
mRNA__MLLT4	-0.05034119074070793	mRNA	MLLT4	0.05034119074070793	3	Early fusion + Elastic Net	Elastic Net	Early fusion
mRNA__NCOR2	-0.04980593408807633	mRNA	NCOR2	0.04980593408807633	3	Early fusion + Elastic Net	Elastic Net	Early fusion
METH__MYO10.54	0.04901337949777479	DNA methylation	MYO10.54	0.04901337949777479	3	Early fusion + Elastic Net	Elastic Net	Early fusion
METH__feature_120035	-0.04832525231898722	DNA methylation	feature_120035	0.04832525231898722	3	Early fusion + Elastic Net	Elastic Net	Early fusion
METH__CALML3.5	-0.04782624732395209	DNA methylation	CALML3.5	0.04782624732395209	3	Early fusion + Elastic Net	Elastic Net	Early fusion
mRNA__CMPK1	-0.04771759959634766	mRNA	CMPK1	0.04771759959634766	3	Early fusion + Elastic Net	Elastic Net	Early fusion
METH__FGF12.19	-0.046405293486123274	DNA methylation	FGF12.19	0.046405293486123274	3	Early fusion + Elastic Net	Elastic Net	Early fusion
mRNA__OPN3	-0.045973393146917875	mRNA	OPN3	0.045973393146917875	3	Early fusion + Elastic Net	Elastic Net	Early fusion
mRNA__TK1	0.044959338359953326	mRNA	TK1	0.044959338359953326	3	Early fusion + Elastic Net	Elastic Net	Early fusion
METH__feature_270539	0.04493402453492706	DNA methylation	feature_270539	0.04493402453492706	3	Early fusion + Elastic Net	Elastic Net	Early fusion
METH__PAX9.22	-0.04476886181651905	DNA methylation	PAX9.22	0.04476886181651905	3	Early fusion + Elastic Net	Elastic Net	Early fusion
METH__RAMP3.6	-0.04266351153550607	DNA methylation	RAMP3.6	0.04266351153550607	3	Early fusion + Elastic Net	Elastic Net	Early fusion
RPPA__MYH11|MYH11	-0.04037822714272328	RPPA	MYH11|MYH11	0.04037822714272328	3	Early fusion + Elastic Net	Elastic Net	Early fusion
METH__feature_202443	0.03845043037432847	DNA methylation	feature_202443	0.03845043037432847	3	Early fusion + Elastic Net	Elastic Net	Early fusion
METH__feature_396051	-0.03825895460828396	DNA methylation	feature_396051	0.03825895460828396	3	Early fusion + Elastic Net	Elastic Net	Early fusion
METH__feature_2710	-0.038185220854244556	DNA methylation	feature_2710	0.038185220854244556	3	Early fusion + Elastic Net	Elastic Net	Early fusion
METH__GAL3ST2.12	-0.037298673853066414	DNA methylation	GAL3ST2.12	0.037298673853066414	3	Early fusion + Elastic Net	Elastic Net	Early fusion
mRNA__TSPAN13	-0.036997383109946776	mRNA	TSPAN13	0.036997383109946776	3	Early fusion + Elastic Net	Elastic Net	Early fusion
METH__SRGAP3	0.03543011427090419	DNA methylation	SRGAP3	0.03543011427090419	3	Early fusion + Elastic Net	Elastic Net	Early fusion
mRNA__G0S2	-0.035071985736518	mRNA	G0S2	0.035071985736518	3	Early fusion + Elastic Net	Elastic Net	Early fusion
mRNA__FABP7	-0.0341423109072804	mRNA	FABP7	0.0341423109072804	3	Early fusion + Elastic Net	Elastic Net	Early fusion
METH__CPAMD8.14	-0.03352913948503272	DNA methylation	CPAMD8.14	0.03352913948503272	3	Early fusion + Elastic Net	Elastic Net	Early fusion
mRNA__SMARCD2	0.03315523549256168	mRNA	SMARCD2	0.03315523549256168	3	Early fusion + Elastic Net	Elastic Net	Early fusion
mRNA__SLC7A5	0.03274266456968122	mRNA	SLC7A5	0.03274266456968122	3	Early fusion + Elastic Net	Elastic Net	Early fusion
mRNA__ARL6IP5	-0.03253703872312698	mRNA	ARL6IP5	0.03253703872312698	3	Early fusion + Elastic Net	Elastic Net	Early fusion
METH__ELFN1.15	0.031206344801975285	DNA methylation	ELFN1.15	0.031206344801975285	3	Early fusion + Elastic Net	Elastic Net	Early fusion
mRNA__IVNS1ABP	0.03061153655811334	mRNA	IVNS1ABP	0.03061153655811334	3	Early fusion + Elastic Net	Elastic Net	Early fusion
RPPA__PIK3CA |PI3K-p110-alpha	0.030341452072168314	RPPA	PIK3CA |PI3K-p110-alpha	0.030341452072168314	3	Early fusion + Elastic Net	Elastic Net	Early fusion
mRNA__EREG	-0.029532674900072303	mRNA	EREG	0.029532674900072303	3	Early fusion + Elastic Net	Elastic Net	Early fusion
mRNA__C19orf21	-0.02939360726113131	mRNA	C19orf21	0.02939360726113131	3	Early fusion + Elastic Net	Elastic Net	Early fusion
RPPA__VHL|VHL	0.02924242367852668	RPPA	VHL|VHL	0.02924242367852668	3	Early fusion + Elastic Net	Elastic Net	Early fusion
mRNA__ANP32B	0.028272873038923885	mRNA	ANP32B	0.028272873038923885	3	Early fusion + Elastic Net	Elastic Net	Early fusion
METH__feature_197549	0.02755596965191809	DNA methylation	feature_197549	0.02755596965191809	3	Early fusion + Elastic Net	Elastic Net	Early fusion
METH__KCNH4.11	-0.027221193418174184	DNA methylation	KCNH4.11	0.027221193418174184	3	Early fusion + Elastic Net	Elastic Net	Early fusion
mRNA__TPM2	-0.026393385775061933	mRNA	TPM2	0.026393385775061933	3	Early fusion + Elastic Net	Elastic Net	Early fusion
METH__feature_89067	-0.02603049763525092	DNA methylation	feature_89067	0.02603049763525092	3	Early fusion + Elastic Net	Elastic Net	Early fusion
mRNA__GOLGA3	-0.025681316074926	mRNA	GOLGA3	0.025681316074926	3	Early fusion + Elastic Net	Elastic Net	Early fusion
METH__TM4SF19.11	-0.02558369670190017	DNA methylation	TM4SF19.11	0.02558369670190017	3	Early fusion + Elastic Net	Elastic Net	Early fusion
METH__ANK1.68	-0.025451792420803112	DNA methylation	ANK1.68	0.025451792420803112	3	Early fusion + Elastic Net	Elastic Net	Early fusion
METH__EBF3.143	-0.02422069713116298	DNA methylation	EBF3.143	0.02422069713116298	3	Early fusion + Elastic Net	Elastic Net	Early fusion
METH__feature_272730	0.022658738233314286	DNA methylation	feature_272730	0.022658738233314286	3	Early fusion + Elastic Net	Elastic Net	Early fusion
mRNA__H3F3A	-0.020319872292422252	mRNA	H3F3A	0.020319872292422252	3	Early fusion + Elastic Net	Elastic Net	Early fusion
mRNA__GPX1	-0.020301632498765505	mRNA	GPX1	0.020301632498765505	3	Early fusion + Elastic Net	Elastic Net	Early fusion
mRNA__TMEM59	-0.019580620809459475	mRNA	TMEM59	0.019580620809459475	3	Early fusion + Elastic Net	Elastic Net	Early fusion
METH__MIR193B.5	-0.019386886863093	DNA methylation	MIR193B.5	0.019386886863093	3	Early fusion + Elastic Net	Elastic Net	Early fusion
METH__feature_237209	0.01893005189683906	DNA methylation	feature_237209	0.01893005189683906	3	Early fusion + Elastic Net	Elastic Net	Early fusion
METH__DIRC3.41	-0.01889836526625443	DNA methylation	DIRC3.41	0.01889836526625443	3	Early fusion + Elastic Net	Elastic Net	Early fusion
METH__UTRN.13	-0.018030005758215787	DNA methylation	UTRN.13	0.018030005758215787	3	Early fusion + Elastic Net	Elastic Net	Early fusion
mRNA__GANAB	0.014649058896451548	mRNA	GANAB	0.014649058896451548	3	Early fusion + Elastic Net	Elastic Net	Early fusion
mRNA__B4GALT5	0.014648901271052868	mRNA	B4GALT5	0.014648901271052868	3	Early fusion + Elastic Net	Elastic Net	Early fusion
METH__SEMA6C.8	0.014498494920553565	DNA methylation	SEMA6C.8	0.014498494920553565	3	Early fusion + Elastic Net	Elastic Net	Early fusion
mRNA__PSMC4	0.014369792799163823	mRNA	PSMC4	0.014369792799163823	3	Early fusion + Elastic Net	Elastic Net	Early fusion
mRNA__SPCS3	-0.014272106850802142	mRNA	SPCS3	0.014272106850802142	3	Early fusion + Elastic Net	Elastic Net	Early fusion
METH__TP73.88	-0.013690919304906832	DNA methylation	TP73.88	0.013690919304906832	3	Early fusion + Elastic Net	Elastic Net	Early fusion
METH__RPS4Y1.1	-0.013471036735773306	DNA methylation	RPS4Y1.1	0.013471036735773306	3	Early fusion + Elastic Net	Elastic Net	Early fusion
METH__feature_337976	-0.010955290090653502	DNA methylation	feature_337976	0.010955290090653502	3	Early fusion + Elastic Net	Elastic Net	Early fusion
RPPA__MS4A1|CD20	-0.010745592224701624	RPPA	MS4A1|CD20	0.010745592224701624	3	Early fusion + Elastic Net	Elastic Net	Early fusion
mRNA__BLCAP	0.010259914195664651	mRNA	BLCAP	0.010259914195664651	3	Early fusion + Elastic Net	Elastic Net	Early fusion
RPPA__COL6A1|Collagen_VI	-0.00878976768793971	RPPA	COL6A1|Collagen_VI	0.00878976768793971	3	Early fusion + Elastic Net	Elastic Net	Early fusion
mRNA__CCT7	0.008229896693390231	mRNA	CCT7	0.008229896693390231	3	Early fusion + Elastic Net	Elastic Net	Early fusion
METH__ACAP2	-0.0076662939327519514	DNA methylation	ACAP2	0.0076662939327519514	3	Early fusion + Elastic Net	Elastic Net	Early fusion
mRNA__MACF1	-0.007267975416660685	mRNA	MACF1	0.007267975416660685	3	Early fusion + Elastic Net	Elastic Net	Early fusion
METH__PPYR1	-0.0071884215420163185	DNA methylation	PPYR1	0.0071884215420163185	3	Early fusion + Elastic Net	Elastic Net	Early fusion
METH__BRE.7	-0.006851278974036036	DNA methylation	BRE.7	0.006851278974036036	3	Early fusion + Elastic Net	Elastic Net	Early fusion
mRNA__TMC5	-0.005952256005604553	mRNA	TMC5	0.005952256005604553	3	Early fusion + Elastic Net	Elastic Net	Early fusion
METH__ITPRIP.13	-0.005939794815114741	DNA methylation	ITPRIP.13	0.005939794815114741	3	Early fusion + Elastic Net	Elastic Net	Early fusion
mRNA__OCIAD2	-0.005711172805296267	mRNA	OCIAD2	0.005711172805296267	3	Early fusion + Elastic Net	Elastic Net	Early fusion
RPPA__SRC|Src	0.004826758057369581	RPPA	SRC|Src	0.004826758057369581	3	Early fusion + Elastic Net	Elastic Net	Early fusion
mRNA__HECTD1	-0.004658052485540867	mRNA	HECTD1	0.004658052485540867	3	Early fusion + Elastic Net	Elastic Net	Early fusion
mRNA__TMEM63A	-0.004654825063054295	mRNA	TMEM63A	0.004654825063054295	3	Early fusion + Elastic Net	Elastic Net	Early fusion
METH__CLIC6.5	0.004328260015466344	DNA methylation	CLIC6.5	0.004328260015466344	3	Early fusion + Elastic Net	Elastic Net	Early fusion
mRNA__DGKA	0.003934742685649245	mRNA	DGKA	0.003934742685649245	3	Early fusion + Elastic Net	Elastic Net	Early fusion
mRNA__CXCR4	0.003237799688097541	mRNA	CXCR4	0.003237799688097541	3	Early fusion + Elastic Net	Elastic Net	Early fusion
METH__feature_261323	0.0032124441184065862	DNA methylation	feature_261323	0.0032124441184065862	3	Early fusion + Elastic Net	Elastic Net	Early fusion
METH__VWC2.14	-0.0031329775751114224	DNA methylation	VWC2.14	0.0031329775751114224	3	Early fusion + Elastic Net	Elastic Net	Early fusion
METH__KCNQ1.128	-0.002850541997885413	DNA methylation	KCNQ1.128	0.002850541997885413	3	Early fusion + Elastic Net	Elastic Net	Early fusion
mRNA__CELSR2	0.0027569689042163804	mRNA	CELSR2	0.0027569689042163804	3	Early fusion + Elastic Net	Elastic Net	Early fusion
mRNA__POM121	0.0020326176911642617	mRNA	POM121	0.0020326176911642617	3	Early fusion + Elastic Net	Elastic Net	Early fusion
mRNA__HBA2	9.443368888730615e-4	mRNA	HBA2	9.443368888730615e-4	3	Early fusion + Elastic Net	Elastic Net	Early fusion
RPPA__FASN|FASN	9.193833685018721e-4	RPPA	FASN|FASN	9.193833685018721e-4	3	Early fusion + Elastic Net	Elastic Net	Early fusion
mRNA__C1orf198	-8.377730408972969e-4	mRNA	C1orf198	8.377730408972969e-4	3	Early fusion + Elastic Net	Elastic Net	Early fusion
METH__TP73.68	-6.085304693216948e-4	DNA methylation	TP73.68	6.085304693216948e-4	3	Early fusion + Elastic Net	Elastic Net	Early fusion
METH__RIPK4.4	-0.29676116702950217	DNA methylation	RIPK4.4	0.29676116702950217	4	Early fusion + Elastic Net	Elastic Net	Early fusion
METH__INPP1.9	-0.2937249962539439	DNA methylation	INPP1.9	0.2937249962539439	4	Early fusion + Elastic Net	Elastic Net	Early fusion
METH__PREX1.11	-0.292983971915947	DNA methylation	PREX1.11	0.292983971915947	4	Early fusion + Elastic Net	Elastic Net	Early fusion
mRNA__IRF6	0.2490761580721589	mRNA	IRF6	0.2490761580721589	4	Early fusion + Elastic Net	Elastic Net	Early fusion
METH__MYO10.54	0.24785361283501792	DNA methylation	MYO10.54	0.24785361283501792	4	Early fusion + Elastic Net	Elastic Net	Early fusion
METH__HOXA3.19	0.22804667166776307	DNA methylation	HOXA3.19	0.22804667166776307	4	Early fusion + Elastic Net	Elastic Net	Early fusion
METH__feature_101660	0.207724142485455	DNA methylation	feature_101660	0.207724142485455	4	Early fusion + Elastic Net	Elastic Net	Early fusion
METH__SLC22A20.9	-0.19770833647128408	DNA methylation	SLC22A20.9	0.19770833647128408	4	Early fusion + Elastic Net	Elastic Net	Early fusion
mRNA__LIMK2	0.18784863517306635	mRNA	LIMK2	0.18784863517306635	4	Early fusion + Elastic Net	Elastic Net	Early fusion
METH__ZIC1.41	-0.17505729023287614	DNA methylation	ZIC1.41	0.17505729023287614	4	Early fusion + Elastic Net	Elastic Net	Early fusion
mRNA__TK1	0.16499593178570227	mRNA	TK1	0.16499593178570227	4	Early fusion + Elastic Net	Elastic Net	Early fusion
METH__TRPC5.1	0.15656249797173513	DNA methylation	TRPC5.1	0.15656249797173513	4	Early fusion + Elastic Net	Elastic Net	Early fusion
METH__GLI3.64	-0.15150742045118037	DNA methylation	GLI3.64	0.15150742045118037	4	Early fusion + Elastic Net	Elastic Net	Early fusion
METH__DIRC3.41	-0.135218685861156	DNA methylation	DIRC3.41	0.135218685861156	4	Early fusion + Elastic Net	Elastic Net	Early fusion
METH__KCNA6.18	-0.12621461067208078	DNA methylation	KCNA6.18	0.12621461067208078	4	Early fusion + Elastic Net	Elastic Net	Early fusion
mRNA__NRBP1	0.12266720027520556	mRNA	NRBP1	0.12266720027520556	4	Early fusion + Elastic Net	Elastic Net	Early fusion
METH__PPYR1	-0.11592695145699895	DNA methylation	PPYR1	0.11592695145699895	4	Early fusion + Elastic Net	Elastic Net	Early fusion
METH__SNX10.1	0.11383810121634519	DNA methylation	SNX10.1	0.11383810121634519	4	Early fusion + Elastic Net	Elastic Net	Early fusion
mRNA__KIF13B	-0.11264279161230367	mRNA	KIF13B	0.11264279161230367	4	Early fusion + Elastic Net	Elastic Net	Early fusion
METH__KCNK7.1	-0.1071672750177278	DNA methylation	KCNK7.1	0.1071672750177278	4	Early fusion + Elastic Net	Elastic Net	Early fusion
mRNA__MDM2	0.10667690355888279	mRNA	MDM2	0.10667690355888279	4	Early fusion + Elastic Net	Elastic Net	Early fusion
METH__MAST4.50	-0.10540028749532847	DNA methylation	MAST4.50	0.10540028749532847	4	Early fusion + Elastic Net	Elastic Net	Early fusion
RPPA__MYH9|Myosin-IIa-pS1943	0.1025691440773023	RPPA	MYH9|Myosin-IIa-pS1943	0.1025691440773023	4	Early fusion + Elastic Net	Elastic Net	Early fusion
METH__ZNF282.9	0.08900070057461092	DNA methylation	ZNF282.9	0.08900070057461092	4	Early fusion + Elastic Net	Elastic Net	Early fusion
METH__feature_120035	-0.08892786614702185	DNA methylation	feature_120035	0.08892786614702185	4	Early fusion + Elastic Net	Elastic Net	Early fusion
mRNA__SAE1	0.08534270854698423	mRNA	SAE1	0.08534270854698423	4	Early fusion + Elastic Net	Elastic Net	Early fusion
mRNA__KRT6A	0.08163618485416185	mRNA	KRT6A	0.08163618485416185	4	Early fusion + Elastic Net	Elastic Net	Early fusion
mRNA__PRPF19	0.08091177541632616	mRNA	PRPF19	0.08091177541632616	4	Early fusion + Elastic Net	Elastic Net	Early fusion
mRNA__ADAMTS1	0.07954551177489928	mRNA	ADAMTS1	0.07954551177489928	4	Early fusion + Elastic Net	Elastic Net	Early fusion
METH__feature_373836	0.07883048440805016	DNA methylation	feature_373836	0.07883048440805016	4	Early fusion + Elastic Net	Elastic Net	Early fusion
METH__feature_353941	0.07836760881817653	DNA methylation	feature_353941	0.07836760881817653	4	Early fusion + Elastic Net	Elastic Net	Early fusion
mRNA__UNC93B1	-0.07621392073300644	mRNA	UNC93B1	0.07621392073300644	4	Early fusion + Elastic Net	Elastic Net	Early fusion
mRNA__IGSF3	0.07592556084380377	mRNA	IGSF3	0.07592556084380377	4	Early fusion + Elastic Net	Elastic Net	Early fusion
RPPA__SRC|Src	0.07361306724826772	RPPA	SRC|Src	0.07361306724826772	4	Early fusion + Elastic Net	Elastic Net	Early fusion
mRNA__HS6ST1	0.07352192707520588	mRNA	HS6ST1	0.07352192707520588	4	Early fusion + Elastic Net	Elastic Net	Early fusion
mRNA__IVNS1ABP	0.07287126823290897	mRNA	IVNS1ABP	0.07287126823290897	4	Early fusion + Elastic Net	Elastic Net	Early fusion
mRNA__ALPK3	-0.0719388769885685	mRNA	ALPK3	0.0719388769885685	4	Early fusion + Elastic Net	Elastic Net	Early fusion
mRNA__FADS2	0.07055220869612219	mRNA	FADS2	0.07055220869612219	4	Early fusion + Elastic Net	Elastic Net	Early fusion
METH__ZMIZ1.40	-0.06956512024350961	DNA methylation	ZMIZ1.40	0.06956512024350961	4	Early fusion + Elastic Net	Elastic Net	Early fusion
METH__MICALL2.15	-0.06956066790131847	DNA methylation	MICALL2.15	0.06956066790131847	4	Early fusion + Elastic Net	Elastic Net	Early fusion
METH__UTRN.13	-0.06860997891499904	DNA methylation	UTRN.13	0.06860997891499904	4	Early fusion + Elastic Net	Elastic Net	Early fusion
METH__KLHL35.5	0.06530334864098866	DNA methylation	KLHL35.5	0.06530334864098866	4	Early fusion + Elastic Net	Elastic Net	Early fusion
mRNA__FUCA1	-0.06402657511366379	mRNA	FUCA1	0.06402657511366379	4	Early fusion + Elastic Net	Elastic Net	Early fusion
mRNA__CRKL	0.06148259079290945	mRNA	CRKL	0.06148259079290945	4	Early fusion + Elastic Net	Elastic Net	Early fusion
mRNA__HMGB2	0.0601098023924918	mRNA	HMGB2	0.0601098023924918	4	Early fusion + Elastic Net	Elastic Net	Early fusion
mRNA__PSMC4	0.0570448785319786	mRNA	PSMC4	0.0570448785319786	4	Early fusion + Elastic Net	Elastic Net	Early fusion
mRNA__ELF3	-0.056221955837358124	mRNA	ELF3	0.056221955837358124	4	Early fusion + Elastic Net	Elastic Net	Early fusion
METH__HOXA1.10	-0.05549994305115581	DNA methylation	HOXA1.10	0.05549994305115581	4	Early fusion + Elastic Net	Elastic Net	Early fusion
mRNA__IPO7	-0.055133690164625604	mRNA	IPO7	0.055133690164625604	4	Early fusion + Elastic Net	Elastic Net	Early fusion
mRNA__DSP	0.05433868693530583	mRNA	DSP	0.05433868693530583	4	Early fusion + Elastic Net	Elastic Net	Early fusion
METH__SOX15.9	-0.054287160747621695	DNA methylation	SOX15.9	0.054287160747621695	4	Early fusion + Elastic Net	Elastic Net	Early fusion
mRNA__LMO7	-0.05386117760437137	mRNA	LMO7	0.05386117760437137	4	Early fusion + Elastic Net	Elastic Net	Early fusion
METH__SOX2OT.39	0.053524129082559435	DNA methylation	SOX2OT.39	0.053524129082559435	4	Early fusion + Elastic Net	Elastic Net	Early fusion
mRNA__ADI1	0.05273238821186732	mRNA	ADI1	0.05273238821186732	4	Early fusion + Elastic Net	Elastic Net	Early fusion
mRNA__PVRL1	0.05126816666015727	mRNA	PVRL1	0.05126816666015727	4	Early fusion + Elastic Net	Elastic Net	Early fusion
METH__GAL3ST2.12	-0.04987258073524422	DNA methylation	GAL3ST2.12	0.04987258073524422	4	Early fusion + Elastic Net	Elastic Net	Early fusion
METH__C10orf108;DIP2C	0.04918496163249948	DNA methylation	C10orf108;DIP2C	0.04918496163249948	4	Early fusion + Elastic Net	Elastic Net	Early fusion
METH__feature_77790	0.04878499764331672	DNA methylation	feature_77790	0.04878499764331672	4	Early fusion + Elastic Net	Elastic Net	Early fusion
METH__SH3PXD2A.26	-0.04818975404518577	DNA methylation	SH3PXD2A.26	0.04818975404518577	4	Early fusion + Elastic Net	Elastic Net	Early fusion
mRNA__FABP7	-0.047973824941988735	mRNA	FABP7	0.047973824941988735	4	Early fusion + Elastic Net	Elastic Net	Early fusion
METH__PAX9.22	-0.04693027236740624	DNA methylation	PAX9.22	0.04693027236740624	4	Early fusion + Elastic Net	Elastic Net	Early fusion
mRNA__SDHA	0.046355900858777936	mRNA	SDHA	0.046355900858777936	4	Early fusion + Elastic Net	Elastic Net	Early fusion
mRNA__POM121	0.04516067759284603	mRNA	POM121	0.04516067759284603	4	Early fusion + Elastic Net	Elastic Net	Early fusion
METH__DSC3	-0.04438145851613187	DNA methylation	DSC3	0.04438145851613187	4	Early fusion + Elastic Net	Elastic Net	Early fusion
METH__VWC2.14	-0.04376776889497508	DNA methylation	VWC2.14	0.04376776889497508	4	Early fusion + Elastic Net	Elastic Net	Early fusion
mRNA__KPNA2	0.04290581659238621	mRNA	KPNA2	0.04290581659238621	4	Early fusion + Elastic Net	Elastic Net	Early fusion
mRNA__EIF4H	0.04288945461816819	mRNA	EIF4H	0.04288945461816819	4	Early fusion + Elastic Net	Elastic Net	Early fusion
METH__JDP2.1	0.042060928319123884	DNA methylation	JDP2.1	0.042060928319123884	4	Early fusion + Elastic Net	Elastic Net	Early fusion
METH__LTBP4.41	-0.04193592404352472	DNA methylation	LTBP4.41	0.04193592404352472	4	Early fusion + Elastic Net	Elastic Net	Early fusion
mRNA__CD46	-0.04124751401610785	mRNA	CD46	0.04124751401610785	4	Early fusion + Elastic Net	Elastic Net	Early fusion
mRNA__TMEM109	0.04079888038643122	mRNA	TMEM109	0.04079888038643122	4	Early fusion + Elastic Net	Elastic Net	Early fusion
METH__ADARB2.12	0.0406858257743331	DNA methylation	ADARB2.12	0.0406858257743331	4	Early fusion + Elastic Net	Elastic Net	Early fusion
mRNA__MACC1	-0.040576948233559604	mRNA	MACC1	0.040576948233559604	4	Early fusion + Elastic Net	Elastic Net	Early fusion
METH__PDGFA.26	0.040059548836460325	DNA methylation	PDGFA.26	0.040059548836460325	4	Early fusion + Elastic Net	Elastic Net	Early fusion
mRNA__HNRNPUL2	0.03962963341560302	mRNA	HNRNPUL2	0.03962963341560302	4	Early fusion + Elastic Net	Elastic Net	Early fusion
mRNA__C22orf9	0.0383028517819988	mRNA	C22orf9	0.0383028517819988	4	Early fusion + Elastic Net	Elastic Net	Early fusion
mRNA__CXCR4	0.03674893891380372	mRNA	CXCR4	0.03674893891380372	4	Early fusion + Elastic Net	Elastic Net	Early fusion
METH__HOOK2.10	0.0366317139104364	DNA methylation	HOOK2.10	0.0366317139104364	4	Early fusion + Elastic Net	Elastic Net	Early fusion
METH__feature_4000	-0.036436258401040825	DNA methylation	feature_4000	0.036436258401040825	4	Early fusion + Elastic Net	Elastic Net	Early fusion
mRNA__RBM47	-0.03594037917493251	mRNA	RBM47	0.03594037917493251	4	Early fusion + Elastic Net	Elastic Net	Early fusion
METH__ADARB2.113	0.03168939626881111	DNA methylation	ADARB2.113	0.03168939626881111	4	Early fusion + Elastic Net	Elastic Net	Early fusion
mRNA__PAF1	0.03111861293088081	mRNA	PAF1	0.03111861293088081	4	Early fusion + Elastic Net	Elastic Net	Early fusion
mRNA__FBL	0.029876725121521952	mRNA	FBL	0.029876725121521952	4	Early fusion + Elastic Net	Elastic Net	Early fusion
mRNA__MYBPC1	-0.029298711975097737	mRNA	MYBPC1	0.029298711975097737	4	Early fusion + Elastic Net	Elastic Net	Early fusion
METH__SLC17A7.21	0.028734060969340086	DNA methylation	SLC17A7.21	0.028734060969340086	4	Early fusion + Elastic Net	Elastic Net	Early fusion
METH__CHST11.16	-0.02803742397580801	DNA methylation	CHST11.16	0.02803742397580801	4	Early fusion + Elastic Net	Elastic Net	Early fusion
mRNA__ERBB3	-0.027200646901659038	mRNA	ERBB3	0.027200646901659038	4	Early fusion + Elastic Net	Elastic Net	Early fusion
METH__VWC2.12	-0.025437406329562644	DNA methylation	VWC2.12	0.025437406329562644	4	Early fusion + Elastic Net	Elastic Net	Early fusion
mRNA__GCNT3	-0.025373922002418704	mRNA	GCNT3	0.025373922002418704	4	Early fusion + Elastic Net	Elastic Net	Early fusion
METH__RGPD8;RGPD5.4	-0.024765875067908033	DNA methylation	RGPD8;RGPD5.4	0.024765875067908033	4	Early fusion + Elastic Net	Elastic Net	Early fusion
RPPA__GSK3A GSK3B|GSK3-alpha-beta	0.02415948611860592	RPPA	GSK3A GSK3B|GSK3-alpha-beta	0.02415948611860592	4	Early fusion + Elastic Net	Elastic Net	Early fusion
METH__CALML3.8	-0.02386090217508797	DNA methylation	CALML3.8	0.02386090217508797	4	Early fusion + Elastic Net	Elastic Net	Early fusion
METH__feature_322103	-0.023746303988729633	DNA methylation	feature_322103	0.023746303988729633	4	Early fusion + Elastic Net	Elastic Net	Early fusion
mRNA__CLPTM1	0.023353901188703438	mRNA	CLPTM1	0.023353901188703438	4	Early fusion + Elastic Net	Elastic Net	Early fusion
RPPA__NRG1|Heregulin	0.01996937497749299	RPPA	NRG1|Heregulin	0.01996937497749299	4	Early fusion + Elastic Net	Elastic Net	Early fusion
mRNA__MYBL2	0.019610422907912754	mRNA	MYBL2	0.019610422907912754	4	Early fusion + Elastic Net	Elastic Net	Early fusion
mRNA__HNRNPL	0.01896568652879857	mRNA	HNRNPL	0.01896568652879857	4	Early fusion + Elastic Net	Elastic Net	Early fusion
METH__FOXK2.63	0.018782613737116528	DNA methylation	FOXK2.63	0.018782613737116528	4	Early fusion + Elastic Net	Elastic Net	Early fusion
mRNA__MUC16	-0.018213464798990622	mRNA	MUC16	0.018213464798990622	4	Early fusion + Elastic Net	Elastic Net	Early fusion
METH__feature_182338	0.017860685803552965	DNA methylation	feature_182338	0.017860685803552965	4	Early fusion + Elastic Net	Elastic Net	Early fusion
METH__GALNT2.41	0.01751202527376991	DNA methylation	GALNT2.41	0.01751202527376991	4	Early fusion + Elastic Net	Elastic Net	Early fusion
mRNA__DSC2	0.017042093223088747	mRNA	DSC2	0.017042093223088747	4	Early fusion + Elastic Net	Elastic Net	Early fusion
METH__TRIP13	-0.016534079839013414	DNA methylation	TRIP13	0.016534079839013414	4	Early fusion + Elastic Net	Elastic Net	Early fusion
mRNA__CD2AP	-0.016518862368319086	mRNA	CD2AP	0.016518862368319086	4	Early fusion + Elastic Net	Elastic Net	Early fusion
mRNA__SVIL	0.014997272313982254	mRNA	SVIL	0.014997272313982254	4	Early fusion + Elastic Net	Elastic Net	Early fusion
mRNA__DCTN1	0.014741355674015537	mRNA	DCTN1	0.014741355674015537	4	Early fusion + Elastic Net	Elastic Net	Early fusion
METH__DIP2C.69	0.01324470536959814	DNA methylation	DIP2C.69	0.01324470536959814	4	Early fusion + Elastic Net	Elastic Net	Early fusion
METH__feature_129044	-0.012128079735367236	DNA methylation	feature_129044	0.012128079735367236	4	Early fusion + Elastic Net	Elastic Net	Early fusion
mRNA__GUSB	-0.011346670145779237	mRNA	GUSB	0.011346670145779237	4	Early fusion + Elastic Net	Elastic Net	Early fusion
mRNA__PCBP1	0.010752268733145961	mRNA	PCBP1	0.010752268733145961	4	Early fusion + Elastic Net	Elastic Net	Early fusion
METH__ME3.6	0.009882750777276014	DNA methylation	ME3.6	0.009882750777276014	4	Early fusion + Elastic Net	Elastic Net	Early fusion
mRNA__COL4A5	0.009827416840177208	mRNA	COL4A5	0.009827416840177208	4	Early fusion + Elastic Net	Elastic Net	Early fusion
mRNA__MT1X	0.00924503043556366	mRNA	MT1X	0.00924503043556366	4	Early fusion + Elastic Net	Elastic Net	Early fusion
mRNA__AKT2	0.008831897523047777	mRNA	AKT2	0.008831897523047777	4	Early fusion + Elastic Net	Elastic Net	Early fusion
METH__feature_396051	-0.007662069688640177	DNA methylation	feature_396051	0.007662069688640177	4	Early fusion + Elastic Net	Elastic Net	Early fusion
METH__TRIP13.10	-0.007062375752000092	DNA methylation	TRIP13.10	0.007062375752000092	4	Early fusion + Elastic Net	Elastic Net	Early fusion
METH__feature_390353	-0.006528465969040168	DNA methylation	feature_390353	0.006528465969040168	4	Early fusion + Elastic Net	Elastic Net	Early fusion
mRNA__MXRA7	0.0058599770026816446	mRNA	MXRA7	0.0058599770026816446	4	Early fusion + Elastic Net	Elastic Net	Early fusion
mRNA__AZGP1	-0.005760164404565858	mRNA	AZGP1	0.005760164404565858	4	Early fusion + Elastic Net	Elastic Net	Early fusion
mRNA__PIM1	0.005370464039298852	mRNA	PIM1	0.005370464039298852	4	Early fusion + Elastic Net	Elastic Net	Early fusion
mRNA__DSG3	0.005272852199753991	mRNA	DSG3	0.005272852199753991	4	Early fusion + Elastic Net	Elastic Net	Early fusion
mRNA__TMEM63A	-0.004879174347081475	mRNA	TMEM63A	0.004879174347081475	4	Early fusion + Elastic Net	Elastic Net	Early fusion
METH__DSC3.13	-0.004733692982552709	DNA methylation	DSC3.13	0.004733692982552709	4	Early fusion + Elastic Net	Elastic Net	Early fusion
mRNA__SNHG5	0.004032616248920366	mRNA	SNHG5	0.004032616248920366	4	Early fusion + Elastic Net	Elastic Net	Early fusion
mRNA__TMC5	-0.0036697832209257792	mRNA	TMC5	0.0036697832209257792	4	Early fusion + Elastic Net	Elastic Net	Early fusion
METH__PLIN1.5	0.003271311837186881	DNA methylation	PLIN1.5	0.003271311837186881	4	Early fusion + Elastic Net	Elastic Net	Early fusion
mRNA__SLC44A4	-0.002423221559299989	mRNA	SLC44A4	0.002423221559299989	4	Early fusion + Elastic Net	Elastic Net	Early fusion
METH__feature_257669	-0.0021070105216191974	DNA methylation	feature_257669	0.0021070105216191974	4	Early fusion + Elastic Net	Elastic Net	Early fusion
mRNA__SERPINB6	-9.916963068891387e-4	mRNA	SERPINB6	9.916963068891387e-4	4	Early fusion + Elastic Net	Elastic Net	Early fusion
mRNA__ARL6IP1	7.171685863714449e-4	mRNA	ARL6IP1	7.171685863714449e-4	4	Early fusion + Elastic Net	Elastic Net	Early fusion
mRNA__TMEM106B	-5.887981401446158e-4	mRNA	TMEM106B	5.887981401446158e-4	4	Early fusion + Elastic Net	Elastic Net	Early fusion
METH__CYTH2.3	-1.1755613593728763e-4	DNA methylation	CYTH2.3	1.1755613593728763e-4	4	Early fusion + Elastic Net	Elastic Net	Early fusion
METH__HOXA3.19	0.3466119515259895	DNA methylation	HOXA3.19	0.3466119515259895	5	Early fusion + Elastic Net	Elastic Net	Early fusion
mRNA__IRF6	0.3076613217071314	mRNA	IRF6	0.3076613217071314	5	Early fusion + Elastic Net	Elastic Net	Early fusion
METH__PREX1.11	-0.283823831890628	DNA methylation	PREX1.11	0.283823831890628	5	Early fusion + Elastic Net	Elastic Net	Early fusion
mRNA__LIMK2	0.22751574536031374	mRNA	LIMK2	0.22751574536031374	5	Early fusion + Elastic Net	Elastic Net	Early fusion
METH__DIRC3.41	-0.22013806713612533	DNA methylation	DIRC3.41	0.22013806713612533	5	Early fusion + Elastic Net	Elastic Net	Early fusion
mRNA__IPO7	-0.21530467052332367	mRNA	IPO7	0.21530467052332367	5	Early fusion + Elastic Net	Elastic Net	Early fusion
mRNA__GOLM1	-0.21502478557275204	mRNA	GOLM1	0.21502478557275204	5	Early fusion + Elastic Net	Elastic Net	Early fusion
mRNA__MDH2	0.19472803023949126	mRNA	MDH2	0.19472803023949126	5	Early fusion + Elastic Net	Elastic Net	Early fusion
mRNA__FADS2	0.19138206001804775	mRNA	FADS2	0.19138206001804775	5	Early fusion + Elastic Net	Elastic Net	Early fusion
METH__TPM3;NUP210L	0.18790144545038745	DNA methylation	TPM3;NUP210L	0.18790144545038745	5	Early fusion + Elastic Net	Elastic Net	Early fusion
RPPA__MYH9|Myosin-IIa-pS1943	0.1770474460035272	RPPA	MYH9|Myosin-IIa-pS1943	0.1770474460035272	5	Early fusion + Elastic Net	Elastic Net	Early fusion
mRNA__TK1	0.16502655112195122	mRNA	TK1	0.16502655112195122	5	Early fusion + Elastic Net	Elastic Net	Early fusion
METH__feature_101660	0.15772203132627785	DNA methylation	feature_101660	0.15772203132627785	5	Early fusion + Elastic Net	Elastic Net	Early fusion
METH__SLC22A20.9	-0.15720585976249626	DNA methylation	SLC22A20.9	0.15720585976249626	5	Early fusion + Elastic Net	Elastic Net	Early fusion
RPPA__GSK3A GSK3B|GSK3-alpha-beta	0.15649594888062435	RPPA	GSK3A GSK3B|GSK3-alpha-beta	0.15649594888062435	5	Early fusion + Elastic Net	Elastic Net	Early fusion
mRNA__SAE1	0.1545679003265578	mRNA	SAE1	0.1545679003265578	5	Early fusion + Elastic Net	Elastic Net	Early fusion
METH__SH3PXD2A.26	-0.14829326812813623	DNA methylation	SH3PXD2A.26	0.14829326812813623	5	Early fusion + Elastic Net	Elastic Net	Early fusion
METH__KCNH4.11	-0.14512272812567978	DNA methylation	KCNH4.11	0.14512272812567978	5	Early fusion + Elastic Net	Elastic Net	Early fusion
METH__MYO10.54	0.1423913474646671	DNA methylation	MYO10.54	0.1423913474646671	5	Early fusion + Elastic Net	Elastic Net	Early fusion
mRNA__WARS	0.14201904086078898	mRNA	WARS	0.14201904086078898	5	Early fusion + Elastic Net	Elastic Net	Early fusion
METH__feature_396051	-0.13942457292212063	DNA methylation	feature_396051	0.13942457292212063	5	Early fusion + Elastic Net	Elastic Net	Early fusion
mRNA__NCOR2	-0.13725340971347294	mRNA	NCOR2	0.13725340971347294	5	Early fusion + Elastic Net	Elastic Net	Early fusion
mRNA__PRPF19	0.13347911280756686	mRNA	PRPF19	0.13347911280756686	5	Early fusion + Elastic Net	Elastic Net	Early fusion
mRNA__POM121	0.13123018343326154	mRNA	POM121	0.13123018343326154	5	Early fusion + Elastic Net	Elastic Net	Early fusion
mRNA__DSP	0.1303810834077856	mRNA	DSP	0.1303810834077856	5	Early fusion + Elastic Net	Elastic Net	Early fusion
mRNA__AKT2	0.12368732976556705	mRNA	AKT2	0.12368732976556705	5	Early fusion + Elastic Net	Elastic Net	Early fusion
mRNA__GUSB	-0.12362946371656255	mRNA	GUSB	0.12362946371656255	5	Early fusion + Elastic Net	Elastic Net	Early fusion
METH__INPP5A.130	0.11951894280995577	DNA methylation	INPP5A.130	0.11951894280995577	5	Early fusion + Elastic Net	Elastic Net	Early fusion
METH__FOXK2.63	0.11726702864791969	DNA methylation	FOXK2.63	0.11726702864791969	5	Early fusion + Elastic Net	Elastic Net	Early fusion
mRNA__DCBLD2	-0.11243134542536812	mRNA	DCBLD2	0.11243134542536812	5	Early fusion + Elastic Net	Elastic Net	Early fusion
mRNA__CELSR2	0.11211089094000587	mRNA	CELSR2	0.11211089094000587	5	Early fusion + Elastic Net	Elastic Net	Early fusion
METH__ADARB2.12	0.11148501111638355	DNA methylation	ADARB2.12	0.11148501111638355	5	Early fusion + Elastic Net	Elastic Net	Early fusion
mRNA__SF3A1	0.11009424112139053	mRNA	SF3A1	0.11009424112139053	5	Early fusion + Elastic Net	Elastic Net	Early fusion
METH__KCNA6.18	-0.1099654475866854	DNA methylation	KCNA6.18	0.1099654475866854	5	Early fusion + Elastic Net	Elastic Net	Early fusion
METH__KLHL35.5	0.10989264361762377	DNA methylation	KLHL35.5	0.10989264361762377	5	Early fusion + Elastic Net	Elastic Net	Early fusion
mRNA__CP	-0.10837264821391375	mRNA	CP	0.10837264821391375	5	Early fusion + Elastic Net	Elastic Net	Early fusion
METH__UTRN.13	-0.10609658820234337	DNA methylation	UTRN.13	0.10609658820234337	5	Early fusion + Elastic Net	Elastic Net	Early fusion
METH__SFRS1.6	-0.10530211120159455	DNA methylation	SFRS1.6	0.10530211120159455	5	Early fusion + Elastic Net	Elastic Net	Early fusion
METH__feature_126223	0.09931273880505864	DNA methylation	feature_126223	0.09931273880505864	5	Early fusion + Elastic Net	Elastic Net	Early fusion
mRNA__ALPK3	-0.09647704834112354	mRNA	ALPK3	0.09647704834112354	5	Early fusion + Elastic Net	Elastic Net	Early fusion
mRNA__MYBPC1	-0.09594887074336894	mRNA	MYBPC1	0.09594887074336894	5	Early fusion + Elastic Net	Elastic Net	Early fusion
METH__ADARB2.113	0.09520808236314594	DNA methylation	ADARB2.113	0.09520808236314594	5	Early fusion + Elastic Net	Elastic Net	Early fusion
METH__SNX10.1	0.09501899638034644	DNA methylation	SNX10.1	0.09501899638034644	5	Early fusion + Elastic Net	Elastic Net	Early fusion
METH__RIMS2.23	-0.09478048529044858	DNA methylation	RIMS2.23	0.09478048529044858	5	Early fusion + Elastic Net	Elastic Net	Early fusion
mRNA__GCNT3	-0.09302978699907137	mRNA	GCNT3	0.09302978699907137	5	Early fusion + Elastic Net	Elastic Net	Early fusion
METH__ITPRIP.20	-0.09153721442836141	DNA methylation	ITPRIP.20	0.09153721442836141	5	Early fusion + Elastic Net	Elastic Net	Early fusion
mRNA__FUCA1	-0.08895650685795418	mRNA	FUCA1	0.08895650685795418	5	Early fusion + Elastic Net	Elastic Net	Early fusion
METH__TRIP13.10	-0.08869815974540426	DNA methylation	TRIP13.10	0.08869815974540426	5	Early fusion + Elastic Net	Elastic Net	Early fusion
mRNA__TMEM109	0.08832923424140933	mRNA	TMEM109	0.08832923424140933	5	Early fusion + Elastic Net	Elastic Net	Early fusion
METH__feature_353941	0.08713580351721292	DNA methylation	feature_353941	0.08713580351721292	5	Early fusion + Elastic Net	Elastic Net	Early fusion
METH__ZMIZ1.40	-0.08612785979930655	DNA methylation	ZMIZ1.40	0.08612785979930655	5	Early fusion + Elastic Net	Elastic Net	Early fusion
mRNA__IGSF3	0.08608212888585708	mRNA	IGSF3	0.08608212888585708	5	Early fusion + Elastic Net	Elastic Net	Early fusion
mRNA__FABP7	-0.0854450424378432	mRNA	FABP7	0.0854450424378432	5	Early fusion + Elastic Net	Elastic Net	Early fusion
mRNA__SLC3A2	0.08288464901865451	mRNA	SLC3A2	0.08288464901865451	5	Early fusion + Elastic Net	Elastic Net	Early fusion
METH__feature_396065	0.08095374653190848	DNA methylation	feature_396065	0.08095374653190848	5	Early fusion + Elastic Net	Elastic Net	Early fusion
METH__feature_221038	0.07731696309414991	DNA methylation	feature_221038	0.07731696309414991	5	Early fusion + Elastic Net	Elastic Net	Early fusion
RPPA__MS4A1|CD20	-0.07689077109316703	RPPA	MS4A1|CD20	0.07689077109316703	5	Early fusion + Elastic Net	Elastic Net	Early fusion
METH__VWC2.14	-0.07666506421902601	DNA methylation	VWC2.14	0.07666506421902601	5	Early fusion + Elastic Net	Elastic Net	Early fusion
METH__TRIP13	-0.07640674577387435	DNA methylation	TRIP13	0.07640674577387435	5	Early fusion + Elastic Net	Elastic Net	Early fusion
METH__GLI3.64	-0.07596495272720276	DNA methylation	GLI3.64	0.07596495272720276	5	Early fusion + Elastic Net	Elastic Net	Early fusion
METH__TRIP13.5	-0.07588435039107884	DNA methylation	TRIP13.5	0.07588435039107884	5	Early fusion + Elastic Net	Elastic Net	Early fusion
METH__PTGER4.11	-0.07546474199103252	DNA methylation	PTGER4.11	0.07546474199103252	5	Early fusion + Elastic Net	Elastic Net	Early fusion
METH__RPS4Y1.1	-0.07436171649233028	DNA methylation	RPS4Y1.1	0.07436171649233028	5	Early fusion + Elastic Net	Elastic Net	Early fusion
METH__JDP2.1	0.07401088851284453	DNA methylation	JDP2.1	0.07401088851284453	5	Early fusion + Elastic Net	Elastic Net	Early fusion
mRNA__ADAMTS1	0.07399320608504739	mRNA	ADAMTS1	0.07399320608504739	5	Early fusion + Elastic Net	Elastic Net	Early fusion
mRNA__DCTN1	0.07341408635982354	mRNA	DCTN1	0.07341408635982354	5	Early fusion + Elastic Net	Elastic Net	Early fusion
mRNA__MT1X	0.0728367333820578	mRNA	MT1X	0.0728367333820578	5	Early fusion + Elastic Net	Elastic Net	Early fusion
METH__feature_133349	-0.07189846167261287	DNA methylation	feature_133349	0.07189846167261287	5	Early fusion + Elastic Net	Elastic Net	Early fusion
mRNA__NRBP1	0.0680219513131484	mRNA	NRBP1	0.0680219513131484	5	Early fusion + Elastic Net	Elastic Net	Early fusion
METH__ZNF282.9	0.06799833406631269	DNA methylation	ZNF282.9	0.06799833406631269	5	Early fusion + Elastic Net	Elastic Net	Early fusion
mRNA__FTH1	0.06679981517175734	mRNA	FTH1	0.06679981517175734	5	Early fusion + Elastic Net	Elastic Net	Early fusion
METH__RGPD8;RGPD5.4	-0.06637207626512513	DNA methylation	RGPD8;RGPD5.4	0.06637207626512513	5	Early fusion + Elastic Net	Elastic Net	Early fusion
METH__feature_77790	0.06618779802541515	DNA methylation	feature_77790	0.06618779802541515	5	Early fusion + Elastic Net	Elastic Net	Early fusion
mRNA__H3F3A	-0.06532784057686068	mRNA	H3F3A	0.06532784057686068	5	Early fusion + Elastic Net	Elastic Net	Early fusion
mRNA__LMO7	-0.06495574655006409	mRNA	LMO7	0.06495574655006409	5	Early fusion + Elastic Net	Elastic Net	Early fusion
mRNA__SPCS3	-0.06315655306492829	mRNA	SPCS3	0.06315655306492829	5	Early fusion + Elastic Net	Elastic Net	Early fusion
mRNA__CXCR4	0.0607614057793335	mRNA	CXCR4	0.0607614057793335	5	Early fusion + Elastic Net	Elastic Net	Early fusion
METH__PREX1.3	-0.06070854020636557	DNA methylation	PREX1.3	0.06070854020636557	5	Early fusion + Elastic Net	Elastic Net	Early fusion
mRNA__SNHG5	0.060626345299386854	mRNA	SNHG5	0.060626345299386854	5	Early fusion + Elastic Net	Elastic Net	Early fusion
METH__NPY.12	-0.05945490115245367	DNA methylation	NPY.12	0.05945490115245367	5	Early fusion + Elastic Net	Elastic Net	Early fusion
mRNA__HNRNPUL2	0.059393848581055904	mRNA	HNRNPUL2	0.059393848581055904	5	Early fusion + Elastic Net	Elastic Net	Early fusion
METH__PRKCB.4	-0.05857745710245284	DNA methylation	PRKCB.4	0.05857745710245284	5	Early fusion + Elastic Net	Elastic Net	Early fusion
mRNA__UNC93B1	-0.058170324435851184	mRNA	UNC93B1	0.058170324435851184	5	Early fusion + Elastic Net	Elastic Net	Early fusion
METH__GPRASP1.15	-0.056972143231479803	DNA methylation	GPRASP1.15	0.056972143231479803	5	Early fusion + Elastic Net	Elastic Net	Early fusion
METH__HOPX.20	-0.05684777863759298	DNA methylation	HOPX.20	0.05684777863759298	5	Early fusion + Elastic Net	Elastic Net	Early fusion
METH__GAL3ST2.12	-0.0567664885152369	DNA methylation	GAL3ST2.12	0.0567664885152369	5	Early fusion + Elastic Net	Elastic Net	Early fusion
mRNA__AXL	-0.056710482822528996	mRNA	AXL	0.056710482822528996	5	Early fusion + Elastic Net	Elastic Net	Early fusion
mRNA__FLNC	-0.05602672932710456	mRNA	FLNC	0.05602672932710456	5	Early fusion + Elastic Net	Elastic Net	Early fusion
RPPA__SRC|Src	0.054332150874539575	RPPA	SRC|Src	0.054332150874539575	5	Early fusion + Elastic Net	Elastic Net	Early fusion
METH__feature_86099	0.053703528751252956	DNA methylation	feature_86099	0.053703528751252956	5	Early fusion + Elastic Net	Elastic Net	Early fusion
METH__SLC17A7.21	0.05367506098035271	DNA methylation	SLC17A7.21	0.05367506098035271	5	Early fusion + Elastic Net	Elastic Net	Early fusion
METH__TRPC5.1	0.05350232161866679	DNA methylation	TRPC5.1	0.05350232161866679	5	Early fusion + Elastic Net	Elastic Net	Early fusion
mRNA__CD2AP	-0.052216977303095734	mRNA	CD2AP	0.052216977303095734	5	Early fusion + Elastic Net	Elastic Net	Early fusion
mRNA__TANC2	-0.04745515075609547	mRNA	TANC2	0.04745515075609547	5	Early fusion + Elastic Net	Elastic Net	Early fusion
mRNA__HBA2	0.04737610504698679	mRNA	HBA2	0.04737610504698679	5	Early fusion + Elastic Net	Elastic Net	Early fusion
mRNA__MLLT4	-0.04655616898809524	mRNA	MLLT4	0.04655616898809524	5	Early fusion + Elastic Net	Elastic Net	Early fusion
mRNA__FBL	0.04626502862587669	mRNA	FBL	0.04626502862587669	5	Early fusion + Elastic Net	Elastic Net	Early fusion
mRNA__HMGB2	0.04595697691027845	mRNA	HMGB2	0.04595697691027845	5	Early fusion + Elastic Net	Elastic Net	Early fusion
mRNA__TSPAN15	-0.045935960558820224	mRNA	TSPAN15	0.045935960558820224	5	Early fusion + Elastic Net	Elastic Net	Early fusion
mRNA__QSOX1.1	-0.04592341846665753	mRNA	QSOX1.1	0.04592341846665753	5	Early fusion + Elastic Net	Elastic Net	Early fusion
mRNA__ANXA11	-0.044935557822316737	mRNA	ANXA11	0.044935557822316737	5	Early fusion + Elastic Net	Elastic Net	Early fusion
METH__EBF1.13	-0.04424470218931972	DNA methylation	EBF1.13	0.04424470218931972	5	Early fusion + Elastic Net	Elastic Net	Early fusion
mRNA__ELF3	-0.04393366400466872	mRNA	ELF3	0.04393366400466872	5	Early fusion + Elastic Net	Elastic Net	Early fusion
mRNA__IFNGR1	0.043051861495984674	mRNA	IFNGR1	0.043051861495984674	5	Early fusion + Elastic Net	Elastic Net	Early fusion
METH__MEIS1.42	-0.04287657339250301	DNA methylation	MEIS1.42	0.04287657339250301	5	Early fusion + Elastic Net	Elastic Net	Early fusion
mRNA__DSC2	0.0414593705655583	mRNA	DSC2	0.0414593705655583	5	Early fusion + Elastic Net	Elastic Net	Early fusion
mRNA__IVNS1ABP	0.041354495457328555	mRNA	IVNS1ABP	0.041354495457328555	5	Early fusion + Elastic Net	Elastic Net	Early fusion
mRNA__RBM47	-0.040211292083212787	mRNA	RBM47	0.040211292083212787	5	Early fusion + Elastic Net	Elastic Net	Early fusion
mRNA__ERBB3	-0.039700251577030825	mRNA	ERBB3	0.039700251577030825	5	Early fusion + Elastic Net	Elastic Net	Early fusion
mRNA__SMOC2	0.03932175226647898	mRNA	SMOC2	0.03932175226647898	5	Early fusion + Elastic Net	Elastic Net	Early fusion
METH__PAX9.22	-0.03902851558942455	DNA methylation	PAX9.22	0.03902851558942455	5	Early fusion + Elastic Net	Elastic Net	Early fusion
METH__TFAP2A.42	-0.03733617365596136	DNA methylation	TFAP2A.42	0.03733617365596136	5	Early fusion + Elastic Net	Elastic Net	Early fusion
METH__ITPRIP.13	-0.03645182632249551	DNA methylation	ITPRIP.13	0.03645182632249551	5	Early fusion + Elastic Net	Elastic Net	Early fusion
mRNA__SCRN1	-0.033990756974177146	mRNA	SCRN1	0.033990756974177146	5	Early fusion + Elastic Net	Elastic Net	Early fusion
METH__BRE.7	-0.03155589154269191	DNA methylation	BRE.7	0.03155589154269191	5	Early fusion + Elastic Net	Elastic Net	Early fusion
METH__SOX15.9	-0.028932044615975646	DNA methylation	SOX15.9	0.028932044615975646	5	Early fusion + Elastic Net	Elastic Net	Early fusion
METH__CACNG8.2	-0.028768568783847353	DNA methylation	CACNG8.2	0.028768568783847353	5	Early fusion + Elastic Net	Elastic Net	Early fusion
mRNA__TUBA1C	0.027584664745145097	mRNA	TUBA1C	0.027584664745145097	5	Early fusion + Elastic Net	Elastic Net	Early fusion
mRNA__DCN	0.0271204405630524	mRNA	DCN	0.0271204405630524	5	Early fusion + Elastic Net	Elastic Net	Early fusion
mRNA__SDHA	0.026456291118206732	mRNA	SDHA	0.026456291118206732	5	Early fusion + Elastic Net	Elastic Net	Early fusion
METH__JRK.4	-0.023886030217776695	DNA methylation	JRK.4	0.023886030217776695	5	Early fusion + Elastic Net	Elastic Net	Early fusion
METH__feature_178235	0.023745875421811006	DNA methylation	feature_178235	0.023745875421811006	5	Early fusion + Elastic Net	Elastic Net	Early fusion
mRNA__AZGP1	-0.023105633331303332	mRNA	AZGP1	0.023105633331303332	5	Early fusion + Elastic Net	Elastic Net	Early fusion
mRNA__PTP4A2	-0.02290643644082577	mRNA	PTP4A2	0.02290643644082577	5	Early fusion + Elastic Net	Elastic Net	Early fusion
mRNA__SSRP1	0.022752991623553136	mRNA	SSRP1	0.022752991623553136	5	Early fusion + Elastic Net	Elastic Net	Early fusion
METH__HOOK2.9	0.022487354760125294	DNA methylation	HOOK2.9	0.022487354760125294	5	Early fusion + Elastic Net	Elastic Net	Early fusion
METH__ZNF536.31	-0.02210619006001607	DNA methylation	ZNF536.31	0.02210619006001607	5	Early fusion + Elastic Net	Elastic Net	Early fusion
RPPA__NDRG1|NDRG1_pT346	0.021808711388348168	RPPA	NDRG1|NDRG1_pT346	0.021808711388348168	5	Early fusion + Elastic Net	Elastic Net	Early fusion
mRNA__PSMC4	0.020620431172430637	mRNA	PSMC4	0.020620431172430637	5	Early fusion + Elastic Net	Elastic Net	Early fusion
mRNA__SCGB1A1	-0.0202998579684486	mRNA	SCGB1A1	0.0202998579684486	5	Early fusion + Elastic Net	Elastic Net	Early fusion
METH__ZNF750;TBCD.17	-0.018292413014961532	DNA methylation	ZNF750;TBCD.17	0.018292413014961532	5	Early fusion + Elastic Net	Elastic Net	Early fusion
mRNA__GSPT1	0.01746482737090547	mRNA	GSPT1	0.01746482737090547	5	Early fusion + Elastic Net	Elastic Net	Early fusion
mRNA__PDPN	-0.01672422096280851	mRNA	PDPN	0.01672422096280851	5	Early fusion + Elastic Net	Elastic Net	Early fusion
METH__CAMK2B.12	0.01637902147110156	DNA methylation	CAMK2B.12	0.01637902147110156	5	Early fusion + Elastic Net	Elastic Net	Early fusion
METH__SOST.9	0.016107686346209446	DNA methylation	SOST.9	0.016107686346209446	5	Early fusion + Elastic Net	Elastic Net	Early fusion
mRNA__HEY1	0.015707245088033374	mRNA	HEY1	0.015707245088033374	5	Early fusion + Elastic Net	Elastic Net	Early fusion
RPPA__VHL|VHL	0.015588313698500859	RPPA	VHL|VHL	0.015588313698500859	5	Early fusion + Elastic Net	Elastic Net	Early fusion
METH__feature_47554	-0.015089311303683205	DNA methylation	feature_47554	0.015089311303683205	5	Early fusion + Elastic Net	Elastic Net	Early fusion
METH__ANP32A.14	-0.015047611212344868	DNA methylation	ANP32A.14	0.015047611212344868	5	Early fusion + Elastic Net	Elastic Net	Early fusion
RPPA__YWHAZ|14-3-3_zeta	0.014747442966253525	RPPA	YWHAZ|14-3-3_zeta	0.014747442966253525	5	Early fusion + Elastic Net	Elastic Net	Early fusion
mRNA__MORF4L1	0.014329099767569643	mRNA	MORF4L1	0.014329099767569643	5	Early fusion + Elastic Net	Elastic Net	Early fusion
mRNA__VIM	-0.01377208748562169	mRNA	VIM	0.01377208748562169	5	Early fusion + Elastic Net	Elastic Net	Early fusion
mRNA__SLC4A2	-0.013660725283180974	mRNA	SLC4A2	0.013660725283180974	5	Early fusion + Elastic Net	Elastic Net	Early fusion
METH__PRKCB.5	-0.013612168208512625	DNA methylation	PRKCB.5	0.013612168208512625	5	Early fusion + Elastic Net	Elastic Net	Early fusion
METH__MCM7.4	0.013007377707335264	DNA methylation	MCM7.4	0.013007377707335264	5	Early fusion + Elastic Net	Elastic Net	Early fusion
METH__HOXA1.10	-0.012592198618814434	DNA methylation	HOXA1.10	0.012592198618814434	5	Early fusion + Elastic Net	Elastic Net	Early fusion
METH__SH3PXD2A.64	0.011692786797973961	DNA methylation	SH3PXD2A.64	0.011692786797973961	5	Early fusion + Elastic Net	Elastic Net	Early fusion
mRNA__MDM2	0.011523345519968245	mRNA	MDM2	0.011523345519968245	5	Early fusion + Elastic Net	Elastic Net	Early fusion
METH__feature_41838	0.011431312889203718	DNA methylation	feature_41838	0.011431312889203718	5	Early fusion + Elastic Net	Elastic Net	Early fusion
mRNA__RSL1D1	0.011311722021944541	mRNA	RSL1D1	0.011311722021944541	5	Early fusion + Elastic Net	Elastic Net	Early fusion
METH__feature_4000	-0.011245547352630851	DNA methylation	feature_4000	0.011245547352630851	5	Early fusion + Elastic Net	Elastic Net	Early fusion
mRNA__LOXL2	-0.010744324864846475	mRNA	LOXL2	0.010744324864846475	5	Early fusion + Elastic Net	Elastic Net	Early fusion
RPPA__ETS1|ETS-1	-0.009636084361279187	RPPA	ETS1|ETS-1	0.009636084361279187	5	Early fusion + Elastic Net	Elastic Net	Early fusion
METH__feature_373836	0.008875107393434832	DNA methylation	feature_373836	0.008875107393434832	5	Early fusion + Elastic Net	Elastic Net	Early fusion
mRNA__PIM1	0.006657197060845207	mRNA	PIM1	0.006657197060845207	5	Early fusion + Elastic Net	Elastic Net	Early fusion
mRNA__FOSL2	0.006433791892454065	mRNA	FOSL2	0.006433791892454065	5	Early fusion + Elastic Net	Elastic Net	Early fusion
METH__GPR133.130	-0.006133545251394215	DNA methylation	GPR133.130	0.006133545251394215	5	Early fusion + Elastic Net	Elastic Net	Early fusion
METH__PLK5P.1	0.006074487001930721	DNA methylation	PLK5P.1	0.006074487001930721	5	Early fusion + Elastic Net	Elastic Net	Early fusion
METH__feature_237209	0.0060343322873665384	DNA methylation	feature_237209	0.0060343322873665384	5	Early fusion + Elastic Net	Elastic Net	Early fusion
METH__DSC3.13	-0.005069698571356812	DNA methylation	DSC3.13	0.005069698571356812	5	Early fusion + Elastic Net	Elastic Net	Early fusion
METH__NADK.9	0.004960213327128766	DNA methylation	NADK.9	0.004960213327128766	5	Early fusion + Elastic Net	Elastic Net	Early fusion
METH__VSTM2B.10	-0.004894666075301459	DNA methylation	VSTM2B.10	0.004894666075301459	5	Early fusion + Elastic Net	Elastic Net	Early fusion
mRNA__RPS15A	0.004599017278526346	mRNA	RPS15A	0.004599017278526346	5	Early fusion + Elastic Net	Elastic Net	Early fusion
mRNA__SERPINB5	0.00391737684872057	mRNA	SERPINB5	0.00391737684872057	5	Early fusion + Elastic Net	Elastic Net	Early fusion
METH__RIPK4.4	-0.0034193797075040763	DNA methylation	RIPK4.4	0.0034193797075040763	5	Early fusion + Elastic Net	Elastic Net	Early fusion
METH__PAK1.6	-0.003002023009471911	DNA methylation	PAK1.6	0.003002023009471911	5	Early fusion + Elastic Net	Elastic Net	Early fusion
METH__ELFN2	-0.0027140176377645382	DNA methylation	ELFN2	0.0027140176377645382	5	Early fusion + Elastic Net	Elastic Net	Early fusion
METH__CYTH2.3	-0.002698701939979243	DNA methylation	CYTH2.3	0.002698701939979243	5	Early fusion + Elastic Net	Elastic Net	Early fusion
mRNA__ACAP2	-0.0017564233780814709	mRNA	ACAP2	0.0017564233780814709	5	Early fusion + Elastic Net	Elastic Net	Early fusion
METH__BRSK2.36	0.0015149439681507591	DNA methylation	BRSK2.36	0.0015149439681507591	5	Early fusion + Elastic Net	Elastic Net	Early fusion
METH__LRRIQ4.5	9.904064614462476e-4	DNA methylation	LRRIQ4.5	9.904064614462476e-4	5	Early fusion + Elastic Net	Elastic Net	Early fusion
METH__NDRG1.17	-8.914871622773987e-4	DNA methylation	NDRG1.17	8.914871622773987e-4	5	Early fusion + Elastic Net	Elastic Net	Early fusion
METH__HOXA1.11	-4.6278262253099964e-4	DNA methylation	HOXA1.11	4.6278262253099964e-4	5	Early fusion + Elastic Net	Elastic Net	Early fusion
mRNA__MICALL1	4.4466612312665956e-4	mRNA	MICALL1	4.4466612312665956e-4	5	Early fusion + Elastic Net	Elastic Net	Early fusion
mRNA__TMC5	-9.420773588069677e-6	mRNA	TMC5	9.420773588069677e-6	5	Early fusion + Elastic Net	Elastic Net	Early fusion
